suite,stem,M,H,F,heads,layers,gpu_wall_p50_ms,hetero_wall_p50_ms,gpu_wall_p95_ms,hetero_wall_p95_ms,speedup,nrmse,cosine,gpu_reference_nrmse,hetero_reference_nrmse,quality_pass,process_s
screen,1024x1024_cpu_L1_r0,1024,1024,4096,16,1,8.748208,9.116,8.943379,10.853783,0.959654,0.000235,1.0,0.0,0.0,True,0.8170752919977531
screen,1024x1024_cpu_L2_r0,1024,1024,4096,16,2,17.616229,18.470584,18.005844,20.583306,0.953745,0.00064,1.0,0.0,0.0,True,1.5769690839806572
screen,1024x1024_cpu_L3_r0,1024,1024,4096,16,3,26.336833,26.8875,27.776943,29.440548,0.97952,0.000867,1.0,0.0,0.0,True,2.3071599579416215
screen,1024x1024_projection50_L1_r0,1024,1024,4096,16,1,8.763541,7.955542,9.801904,8.261054,1.101564,0.000493,1.0,0.0,0.0,True,1.0970455000642687
screen,1024x1024_projection50_L2_r0,1024,1024,4096,16,2,17.611688,15.753334,19.310016,16.105085,1.117966,0.000866,1.0,0.0,0.0,True,1.7449768329970539
screen,1024x1024_projection50_L3_r0,1024,1024,4096,16,3,26.516583,23.79423,28.315704,24.604892,1.114412,0.001071,0.999999,0.0,0.0,True,2.4609634580556303
screen,1024x1024_sp50_L1_r0,1024,1024,4096,16,1,8.750458,7.257625,9.680619,7.423629,1.205692,0.005589,0.999984,0.0,0.0,True,1.5409418749623
screen,1024x1024_sp50_L2_r0,1024,1024,4096,16,2,17.507167,14.221979,18.961567,14.661727,1.230994,0.007322,0.999973,0.0,0.0,True,2.2267797499662265
screen,1024x1024_sp50_L3_r0,1024,1024,4096,16,3,26.093874,21.146021,27.737637,21.767202,1.233985,0.008194,0.999966,0.0,0.0,True,2.8549608750035986
screen,1024x1024_tp25_L1_r0,1024,1024,4096,16,1,8.675021,7.982604,9.461846,8.065948,1.086741,0.003975,0.999992,0.0,0.0,True,1.1811226659920067
screen,1024x1024_tp25_L2_r0,1024,1024,4096,16,2,17.577416,16.090854,19.366994,16.273084,1.092386,0.00523,0.999986,0.0,0.0,True,1.6948907499900088
screen,1024x1024_tp25_L3_r0,1024,1024,4096,16,3,26.386438,24.148792,27.890937,24.414719,1.092661,0.005819,0.999983,0.0,0.0,True,2.4278281669830903
screen,1024x1024_tp50_L1_r0,1024,1024,4096,16,1,8.710896,7.067042,8.883116,7.332885,1.232608,0.005593,0.999984,0.0,0.0,True,1.1562892500078306
screen,1024x1024_tp50_L2_r0,1024,1024,4096,16,2,17.516771,13.991521,18.575348,14.741098,1.251956,0.007343,0.999973,0.0,0.0,True,1.8117557079531252
screen,1024x1024_tp50_L3_r0,1024,1024,4096,16,3,26.445459,19.409646,27.679569,21.446221,1.362491,0.008168,0.999967,0.0,0.0,True,2.445613499963656
screen,1024x1024_tp75_L1_r0,1024,1024,4096,16,1,8.746104,7.483937,8.989271,8.323815,1.16865,0.006854,0.999977,0.0,0.0,True,1.3615414999658242
screen,1024x1024_tp75_L2_r0,1024,1024,4096,16,2,17.573208,13.485812,18.9465,16.125121,1.303089,0.008979,0.99996,0.0,0.0,True,2.014288541977294
screen,1024x1024_tp75_L3_r0,1024,1024,4096,16,3,26.232,18.856646,27.997786,20.311344,1.391128,0.009972,0.99995,0.0,0.0,True,2.640782333095558
screen,1024x1024_triple_L1_r0,1024,1024,4096,16,1,8.774438,8.038604,10.412842,8.411123,1.091538,0.000429,1.0,0.0,0.0,True,1.0783252919791266
screen,1024x1024_triple_L2_r0,1024,1024,4096,16,2,17.581063,15.972958,19.046806,17.156894,1.100677,0.000806,1.0,0.0,0.0,True,1.7738969159545377
screen,1024x1024_triple_L3_r0,1024,1024,4096,16,3,26.2585,23.694396,27.867821,24.4208,1.108216,0.001016,0.999999,0.0,0.0,True,2.4701402079081163
screen,1024x2048_cpu_L1_r0,1024,2048,8192,32,1,28.226791,28.465146,29.96201,29.764611,0.991626,0.000236,1.0,0.0,0.0,True,2.4631010830635205
screen,1024x2048_cpu_L2_r0,1024,2048,8192,32,2,58.048458,57.529625,58.387796,57.938113,1.009019,0.000643,1.0,0.0,0.0,True,4.816507540992461
screen,1024x2048_cpu_L3_r0,1024,2048,8192,32,3,88.8435,87.592458,90.296519,89.516813,1.014283,0.000889,1.0,0.0,0.0,True,7.274547249893658
screen,1024x2048_projection50_L1_r0,1024,2048,8192,32,1,28.931688,23.768604,29.979021,23.994342,1.217223,0.00053,1.0,0.0,0.0,True,3.4076080839149654
screen,1024x2048_projection50_L2_r0,1024,2048,8192,32,2,57.685229,47.55825,58.244684,48.075005,1.212938,0.000915,1.0,0.0,0.0,True,5.532157458015718
screen,1024x2048_projection50_L3_r0,1024,2048,8192,32,3,97.119479,78.887438,103.646448,84.960065,1.231115,0.001144,0.999999,0.0,0.0,True,8.29033566697035
screen,1024x2048_sp50_L1_r0,1024,2048,8192,32,1,28.316708,19.688938,29.947219,21.267639,1.438204,0.005659,0.999984,0.0,0.0,True,5.514240207965486
screen,1024x2048_sp50_L2_r0,1024,2048,8192,32,2,57.595521,40.542521,58.335889,41.100798,1.42062,0.007552,0.999971,0.0,0.0,True,7.48880900000222
screen,1024x2048_sp50_L3_r0,1024,2048,8192,32,3,86.259666,60.229792,87.928116,61.929983,1.432176,0.008631,0.999963,0.0,0.0,True,9.558332084096037
screen,1024x2048_tp25_L1_r0,1024,2048,8192,32,1,28.297292,24.638521,29.813058,25.004615,1.148498,0.004024,0.999992,0.0,0.0,True,3.0681730000069365
screen,1024x2048_tp25_L2_r0,1024,2048,8192,32,2,57.630854,49.236209,58.141223,49.528608,1.170497,0.005423,0.999985,0.0,0.0,True,5.288897457998246
screen,1024x2048_tp25_L3_r0,1024,2048,8192,32,3,89.086187,74.8735,91.32812,76.107704,1.189823,0.006184,0.999981,0.0,0.0,True,7.625156542053446
screen,1024x2048_tp50_L1_r0,1024,2048,8192,32,1,29.049771,19.512916,29.897827,21.196121,1.488746,0.00569,0.999984,0.0,0.0,True,3.836676250095479
screen,1024x2048_tp50_L2_r0,1024,2048,8192,32,2,58.348833,40.390312,59.014243,40.791352,1.444624,0.007634,0.999971,0.0,0.0,True,5.827648833976127
screen,1024x2048_tp50_L3_r0,1024,2048,8192,32,3,89.12125,60.37575,90.305152,61.746677,1.47611,0.008686,0.999962,0.0,0.0,True,7.930198083049618
screen,1024x2048_tp75_L1_r0,1024,2048,8192,32,1,28.093166,21.198916,29.805044,22.535254,1.325217,0.006955,0.999976,0.0,0.0,True,4.5976668749935925
screen,1024x2048_tp75_L2_r0,1024,2048,8192,32,2,57.668333,42.212646,58.071529,43.535217,1.366139,0.009323,0.999957,0.0,0.0,True,6.657165082986467
screen,1024x2048_tp75_L3_r0,1024,2048,8192,32,3,85.99248,63.961104,87.712183,65.920589,1.34445,0.010605,0.999944,0.0,0.0,False,8.733196540968493
screen,1024x2048_triple_L1_r0,1024,2048,8192,32,1,29.76925,23.187958,30.093431,24.005369,1.283824,0.000476,1.0,0.0,0.0,True,3.4146464159712195
screen,1024x2048_triple_L2_r0,1024,2048,8192,32,2,57.890958,45.669291,58.556015,46.7571,1.267612,0.000863,1.0,0.0,0.0,True,5.537364291958511
screen,1024x2048_triple_L3_r0,1024,2048,8192,32,3,86.288062,68.413812,88.248438,69.997627,1.261267,0.001095,0.999999,0.0,0.0,True,7.674203832983039
screen,256x1024_cpu_L1_r0,256,1024,4096,16,1,1.905083,2.253896,3.783377,3.918027,0.84524,0.000234,1.0,0.0,0.0,True,0.30582762497942895
screen,256x1024_cpu_L2_r0,256,1024,4096,16,2,5.304626,5.944104,5.788048,6.349362,0.892418,0.000652,1.0,0.0,0.0,True,0.5263805829454213
screen,256x1024_cpu_L3_r0,256,1024,4096,16,3,7.50875,8.322916,7.663434,8.555977,0.902178,0.000858,1.0,0.0,0.0,True,0.7612845830153674
screen,256x1024_projection50_L1_r0,256,1024,4096,16,1,1.942667,1.882312,3.815033,3.71396,1.032064,0.000481,1.0,0.0,0.0,True,0.591948917019181
screen,256x1024_projection50_L2_r0,256,1024,4096,16,2,4.64425,5.513959,5.699381,5.731488,0.842271,0.000852,1.0,0.0,0.0,True,0.8217997909523547
screen,256x1024_projection50_L3_r0,256,1024,4096,16,3,7.529083,7.523375,7.756452,9.274444,1.000759,0.001027,0.999999,0.0,0.0,True,1.0404469999484718
screen,256x1024_sp50_L1_r0,256,1024,4096,16,1,1.881729,1.701438,3.790827,3.602429,1.105964,0.00536,0.999986,0.0,0.0,True,1.1392985000275075
screen,256x1024_sp50_L2_r0,256,1024,4096,16,2,5.48825,4.677875,5.912104,5.41032,1.173236,0.00679,0.999977,0.0,0.0,True,1.3009544169763103
screen,256x1024_sp50_L3_r0,256,1024,4096,16,3,7.608083,6.876979,8.049312,7.541997,1.106312,0.007256,0.999974,0.0,0.0,True,1.5789190420182422
screen,256x1024_tp25_L1_r0,256,1024,4096,16,1,1.921667,1.909333,3.825768,3.853233,1.00646,0.003814,0.999993,0.0,0.0,True,0.6198749579489231
screen,256x1024_tp25_L2_r0,256,1024,4096,16,2,5.651041,4.981375,5.814584,5.835627,1.134434,0.004879,0.999988,0.0,0.0,True,0.7737108339788392
screen,256x1024_tp25_L3_r0,256,1024,4096,16,3,7.383938,7.493104,7.73651,7.869667,0.985431,0.005202,0.999986,0.0,0.0,True,1.0391064579598606
screen,256x1024_tp50_L1_r0,256,1024,4096,16,1,1.872084,1.7385,3.813709,3.512677,1.076838,0.005375,0.999986,0.0,0.0,True,0.7191387920174748
screen,256x1024_tp50_L2_r0,256,1024,4096,16,2,5.379812,4.876146,5.82374,5.603248,1.103292,0.006866,0.999976,0.0,0.0,True,0.9160387499723583
screen,256x1024_tp50_L3_r0,256,1024,4096,16,3,7.488646,6.589396,7.607887,6.829421,1.136469,0.007335,0.999973,0.0,0.0,True,1.1300449999980628
screen,256x1024_tp75_L1_r0,256,1024,4096,16,1,1.869063,2.2005,1.958706,2.971629,0.849381,0.006583,0.999978,0.0,0.0,True,0.8920579999685287
screen,256x1024_tp75_L2_r0,256,1024,4096,16,2,4.62873,3.768854,5.693573,4.920689,1.228153,0.008389,0.999965,0.0,0.0,True,1.0910981250926852
screen,256x1024_tp75_L3_r0,256,1024,4096,16,3,7.496417,6.748875,7.882753,7.579431,1.110765,0.008946,0.99996,0.0,0.0,True,1.3446699159685522
screen,256x1024_triple_L1_r0,256,1024,4096,16,1,2.108666,2.286479,4.079494,4.053338,0.922233,0.000424,1.0,0.0,0.0,True,0.606767833000049
screen,256x1024_triple_L2_r0,256,1024,4096,16,2,5.311166,5.352688,5.77164,5.833569,0.992243,0.000802,1.0,0.0,0.0,True,0.8101869999663904
screen,256x1024_triple_L3_r0,256,1024,4096,16,3,7.527083,7.464167,7.9547,7.987438,1.008429,0.000985,1.0,0.0,0.0,True,1.0454328749328852
screen,256x2048_cpu_L1_r0,256,2048,8192,32,1,7.750687,7.83575,7.9303,8.208419,0.989144,0.000233,1.0,0.0,0.0,True,0.765181792085059
screen,256x2048_cpu_L2_r0,256,2048,8192,32,2,15.556584,15.791792,15.832485,16.57499,0.985106,0.000664,1.0,0.0,0.0,True,1.433263250044547
screen,256x2048_cpu_L3_r0,256,2048,8192,32,3,23.30875,23.728645,24.028434,24.507162,0.982304,0.000892,1.0,0.0,0.0,True,2.1074439159128815
screen,256x2048_projection50_L1_r0,256,2048,8192,32,1,7.705771,6.786917,7.85483,7.12535,1.135386,0.000515,1.0,0.0,0.0,True,1.848066041013226
screen,256x2048_projection50_L2_r0,256,2048,8192,32,2,15.428396,12.61477,15.689812,13.979856,1.223042,0.000909,1.0,0.0,0.0,True,2.462398082949221
screen,256x2048_projection50_L3_r0,256,2048,8192,32,3,21.363437,19.018605,23.567363,20.801075,1.123292,0.00111,0.999999,0.0,0.0,True,3.0503307920880616
screen,256x2048_sp50_L1_r0,256,2048,8192,32,1,7.569104,39.69723,7.961436,40.954306,0.190671,2.3e-05,1.0,0.0,0.0,True,5.51142383296974
screen,256x2048_sp50_L2_r0,256,2048,8192,32,2,15.553458,78.563229,16.049542,81.500492,0.197974,0.000312,1.0,0.0,0.0,True,10.700009665917605
screen,256x2048_sp50_L3_r0,256,2048,8192,32,3,23.45448,117.844875,24.034425,119.613308,0.199028,0.000477,1.0,0.0,0.0,True,15.892648415989242
screen,256x2048_tp25_L1_r0,256,2048,8192,32,1,7.656521,6.988188,7.788883,7.147898,1.095638,0.003876,0.999992,0.0,0.0,True,1.5102986249839887
screen,256x2048_tp25_L2_r0,256,2048,8192,32,2,15.45225,13.687854,15.767279,14.252631,1.128902,0.005108,0.999987,0.0,0.0,True,2.185933916014619
screen,256x2048_tp25_L3_r0,256,2048,8192,32,3,22.921999,19.431354,23.35283,21.291721,1.17964,0.005629,0.999984,0.0,0.0,True,2.800661416957155
screen,256x2048_tp50_L1_r0,256,2048,8192,32,1,7.44677,6.045854,7.827267,6.266612,1.231715,0.00548,0.999985,0.0,0.0,True,2.3560673750471324
screen,256x2048_tp50_L2_r0,256,2048,8192,32,2,15.279459,10.371541,15.588279,12.204446,1.47321,0.007187,0.999974,0.0,0.0,True,2.897260708035901
screen,256x2048_tp50_L3_r0,256,2048,8192,32,3,23.075854,16.519375,23.304104,16.780494,1.396896,0.007901,0.999969,0.0,0.0,True,3.5793458750704303
screen,256x2048_tp75_L1_r0,256,2048,8192,32,1,7.6855,5.589688,7.8544,7.426864,1.374943,0.006693,0.999978,0.0,0.0,True,3.051066208980046
screen,256x2048_tp75_L2_r0,256,2048,8192,32,2,15.357438,12.225333,15.592033,15.005965,1.256198,0.008771,0.999962,0.0,0.0,True,3.6852111249463633
screen,256x2048_tp75_L3_r0,256,2048,8192,32,3,23.080042,17.591333,23.441504,19.3528,1.312012,0.009641,0.999954,0.0,0.0,True,4.343533125007525
screen,256x2048_triple_L1_r0,256,2048,8192,32,1,7.800896,6.784646,7.908689,7.330344,1.149787,0.000467,1.0,0.0,0.0,True,1.845979665988125
screen,256x2048_triple_L2_r0,256,2048,8192,32,2,15.536083,12.610895,15.745056,13.744575,1.231957,0.000862,1.0,0.0,0.0,True,2.4546688329428434
screen,256x2048_triple_L3_r0,256,2048,8192,32,3,22.664479,18.981375,23.516303,20.468944,1.194038,0.001068,0.999999,0.0,0.0,True,3.096730166929774
screen,64x256_cpu_L1_r0,64,256,1024,4,1,0.301187,0.534833,1.044271,1.36601,0.563142,0.0,1.0,0.0,0.0,True,0.11149799998383969
screen,64x256_cpu_L2_r0,64,256,1024,4,2,0.598896,1.070438,0.639108,2.619173,0.559487,0.0,1.0,0.0,0.0,True,0.1716252090409398
screen,64x256_cpu_L3_r0,64,256,1024,4,3,1.028792,1.651312,2.773677,3.23624,0.623014,0.0,1.0,0.0,0.0,True,0.24483508395496756
screen,64x256_projection50_L1_r0,64,256,1024,4,1,0.368688,0.652166,0.896244,2.435821,0.565327,0.002166,0.999998,0.0,0.0,True,0.17047549993731081
screen,64x256_projection50_L2_r0,64,256,1024,4,2,0.59702,1.13225,1.386554,2.633406,0.527287,0.002763,0.999996,0.0,0.0,True,0.21556979091838002
screen,64x256_projection50_L3_r0,64,256,1024,4,3,0.920104,1.654771,2.674219,3.230756,0.556031,0.002992,0.999996,0.0,0.0,True,0.2801113340537995
screen,64x256_sp50_L1_r0,64,256,1024,4,1,0.425521,0.828792,2.201556,2.222283,0.513423,0.003027,0.999995,0.0,0.0,True,0.20311054191552103
screen,64x256_sp50_L2_r0,64,256,1024,4,2,0.831542,1.390416,4.207206,3.36456,0.598053,0.003718,0.999993,0.0,0.0,True,0.2646922090789303
screen,64x256_sp50_L3_r0,64,256,1024,4,3,0.94575,1.647896,2.762421,3.179681,0.573914,0.003947,0.999992,0.0,0.0,True,0.30194033309817314
screen,64x256_tp25_L1_r0,64,256,1024,4,1,0.297563,0.523896,0.698077,1.709181,0.56798,0.001851,0.999998,0.0,0.0,True,0.16121349995955825
screen,64x256_tp25_L2_r0,64,256,1024,4,2,0.640167,1.068208,1.873898,2.60344,0.59929,0.002421,0.999997,0.0,0.0,True,0.21683020796626806
screen,64x256_tp25_L3_r0,64,256,1024,4,3,0.935021,1.610416,2.720297,3.286634,0.580608,0.002581,0.999997,0.0,0.0,True,0.31724524998571724
screen,64x256_tp50_L1_r0,64,256,1024,4,1,0.388292,0.601479,2.384798,0.840517,0.645561,0.002968,0.999996,0.0,0.0,True,0.17114079103339463
screen,64x256_tp50_L2_r0,64,256,1024,4,2,0.631417,0.991333,2.364354,1.189029,0.636937,0.003711,0.999993,0.0,0.0,True,0.21040658408310264
screen,64x256_tp50_L3_r0,64,256,1024,4,3,0.910166,1.498084,2.597717,2.995428,0.607554,0.003997,0.999992,0.0,0.0,True,0.27614358300343156
screen,64x256_tp75_L1_r0,64,256,1024,4,1,0.559333,0.734083,1.396754,3.957402,0.761947,0.004056,0.999992,0.0,0.0,True,0.2290488750441
screen,64x256_tp75_L2_r0,64,256,1024,4,2,0.647042,1.017104,2.312031,1.217036,0.636161,0.005089,0.999987,0.0,0.0,True,0.2236032079672441
screen,64x256_tp75_L3_r0,64,256,1024,4,3,0.905126,1.508917,2.636783,3.055171,0.599851,0.005383,0.999986,0.0,0.0,True,0.2874984999652952
screen,64x256_triple_L1_r0,64,256,1024,4,1,0.338646,0.632333,2.095508,1.557865,0.535549,0.002163,0.999998,0.0,0.0,True,0.1705263329204172
screen,64x256_triple_L2_r0,64,256,1024,4,2,0.630042,1.022063,2.241691,1.179148,0.616441,0.002742,0.999996,0.0,0.0,True,0.21721912489738315
screen,64x256_triple_L3_r0,64,256,1024,4,3,0.914292,1.571958,2.723569,3.155252,0.581626,0.002968,0.999996,0.0,0.0,True,0.2724136660108343
heads,1024_1024_4_ane_L1,1024,1024,4096,16,1,8.368125,9.186853,8.552552,9.747958,0.91088,0.001328,0.999999,0.001086,0.001437,True,0.9202175829559565
heads,1024_1024_4_ane_L2,1024,1024,4096,16,2,16.879855,18.239833,17.328106,19.346277,0.925439,0.001674,0.999999,0.00133,0.001715,True,1.531524125020951
heads,1024_1024_4_ane_L3,1024,1024,4096,16,3,24.427292,25.775605,25.221241,27.029439,0.94769,0.001859,0.999998,0.001453,0.001857,True,2.1947339159669355
heads,1024_1024_4_cpu_L1,1024,1024,4096,16,1,9.949959,16.837104,11.594846,18.362404,0.590954,0.000814,1.0,0.001086,0.00105,True,1.286867415998131
heads,1024_1024_4_cpu_L2,1024,1024,4096,16,2,19.745626,33.501791,21.884336,37.048889,0.58939,0.001151,0.999999,0.00133,0.001294,True,2.2172091249376535
heads,1024_1024_4_cpu_L3,1024,1024,4096,16,3,24.774645,45.847229,25.657658,49.424109,0.540374,0.001331,0.999999,0.001453,0.001418,True,2.978220083983615
heads,1024_1024_8_ane_L1,1024,1024,4096,16,1,8.089416,9.276584,8.182348,9.995029,0.872025,0.001658,0.999999,0.001086,0.001708,True,0.9516899160807952
heads,1024_1024_8_ane_L2,1024,1024,4096,16,2,16.149417,19.389958,16.4463,20.826177,0.832875,0.002023,0.999998,0.00133,0.002013,True,1.5575307090766728
heads,1024_1024_8_ane_L3,1024,1024,4096,16,3,24.300604,28.508271,24.631998,32.216998,0.852405,0.002217,0.999998,0.001453,0.002168,True,2.2795100830262527
heads,1024_1024_8_cpu_L1,1024,1024,4096,16,1,8.098437,22.863791,9.716703,25.861785,0.354204,0.000912,1.0,0.001086,0.001012,True,1.3553479160182178
heads,1024_1024_8_cpu_L2,1024,1024,4096,16,2,15.996562,44.802583,16.93477,46.756895,0.357046,0.001243,0.999999,0.00133,0.001255,True,2.572797708096914
heads,1024_1024_8_cpu_L3,1024,1024,4096,16,3,24.088,68.154958,25.161669,73.0043,0.35343,0.001419,0.999999,0.001453,0.00138,True,3.8426386250648648
heads,256_1024_4_ane_L1,256,1024,4096,16,1,2.624,4.077917,4.479264,4.822352,0.643466,0.001034,0.999999,0.001127,0.00123,True,0.5805549999931827
heads,256_1024_4_ane_L2,256,1024,4096,16,2,6.834521,7.669605,7.219012,8.214269,0.891118,0.001365,0.999999,0.001343,0.001473,True,0.6765756660606712
heads,256_1024_4_ane_L3,256,1024,4096,16,3,9.287229,11.281875,10.444602,13.099927,0.823199,0.001504,0.999999,0.001409,0.00155,True,0.9723967079771683
heads,256_1024_4_cpu_L1,256,1024,4096,16,1,2.837438,4.379459,4.599923,5.126133,0.647897,0.000809,1.0,0.001127,0.001089,True,0.4431216249940917
heads,256_1024_4_cpu_L2,256,1024,4096,16,2,6.528583,8.002187,6.909485,11.220913,0.81585,0.001134,0.999999,0.001343,0.001307,True,0.6659308329690248
heads,256_1024_4_cpu_L3,256,1024,4096,16,3,9.278167,11.553916,10.10836,13.865633,0.803032,0.001275,0.999999,0.001409,0.001378,True,0.9517455829773098
heads,256_1024_8_ane_L1,256,1024,4096,16,1,2.446479,3.189646,4.563315,4.80535,0.767007,0.001203,0.999999,0.001127,0.001314,True,0.4438522499985993
heads,256_1024_8_ane_L2,256,1024,4096,16,2,6.610437,7.438063,7.023717,7.697202,0.888731,0.00153,0.999999,0.001343,0.001562,True,0.651308250031434
heads,256_1024_8_ane_L3,256,1024,4096,16,3,9.313688,10.471083,10.02304,12.652938,0.889467,0.001669,0.999999,0.001409,0.001642,True,0.9484140840359032
heads,256_1024_8_cpu_L1,256,1024,4096,16,1,2.946042,5.028125,5.222671,5.849083,0.585913,0.000917,1.0,0.001127,0.00105,True,0.40201666695065796
heads,256_1024_8_cpu_L2,256,1024,4096,16,2,6.348604,8.396792,7.072117,8.901984,0.756075,0.001226,0.999999,0.001343,0.00127,True,0.6911489580525085
heads,256_1024_8_cpu_L3,256,1024,4096,16,3,9.488145,13.377583,11.615104,16.196446,0.709257,0.001355,0.999999,0.001409,0.001341,True,1.0346262500388548
heads,64_256_1_ane_L1,64,256,1024,4,1,0.41898,0.881125,1.410115,2.017354,0.475505,0.000883,1.0,0.001068,0.001113,True,0.16633820801507682
heads,64_256_1_ane_L2,64,256,1024,4,2,0.826,1.778541,2.426464,3.104217,0.464425,0.001198,0.999999,0.001254,0.001318,True,0.20295720803551376
heads,64_256_1_ane_L3,64,256,1024,4,3,1.259917,2.683729,2.963437,4.090336,0.469465,0.001329,0.999999,0.001322,0.001391,True,0.27985204209107906
heads,64_256_1_cpu_L1,64,256,1024,4,1,0.400104,0.881729,0.493279,2.741006,0.453773,0.000783,1.0,0.001068,0.001048,True,0.832909082993865
heads,64_256_1_cpu_L2,64,256,1024,4,2,0.827271,1.723792,2.509635,2.602012,0.479913,0.001086,0.999999,0.001254,0.001253,True,0.19235429097898304
heads,64_256_1_cpu_L3,64,256,1024,4,3,1.230959,2.746999,2.916067,4.102415,0.44811,0.001221,0.999999,0.001322,0.001315,True,0.2618325420189649
heads,64_256_2_ane_L1,64,256,1024,4,1,0.407729,0.799646,0.655962,1.970175,0.509888,0.001006,0.999999,0.001068,0.001163,True,0.16323104104958475
heads,64_256_2_ane_L2,64,256,1024,4,2,0.82702,1.655312,2.5212,3.070637,0.499616,0.001308,0.999999,0.001254,0.001401,True,0.200452083023265
heads,64_256_2_ane_L3,64,256,1024,4,3,1.620105,4.094229,5.876588,7.70139,0.395704,0.001417,0.999999,0.001322,0.001472,True,0.3733801670605317
heads,64_256_2_cpu_L1,64,256,1024,4,1,0.411458,0.790063,1.15724,1.789711,0.520792,0.065147,0.99788,0.001068,0.065126,False,0.13081258302554488
heads,64_256_2_cpu_L2,64,256,1024,4,2,0.787146,1.618501,2.493575,2.947667,0.486342,0.001174,0.999999,0.001254,0.001204,True,0.1787880000192672
heads,64_256_2_cpu_L3,64,256,1024,4,3,1.238042,2.458312,2.417744,3.833909,0.503615,0.001295,0.999999,0.001322,0.001274,True,0.24681683292146772
confirm,1024_1024_L1_private_sdpa_r0,1024,1024,4096,16,1,6.916833,7.679292,7.007439,8.094371,0.900712,0.005593,0.999984,0.000935,0.005647,True,0.9066055419389158
confirm,1024_1024_L1_private_sdpa_r1,1024,1024,4096,16,1,8.546812,8.403312,8.708429,10.493887,1.017077,0.005593,0.999984,0.000935,0.005647,True,1.025178457959555
confirm,1024_1024_L1_private_sdpa_r2,1024,1024,4096,16,1,6.94375,7.699916,7.089779,8.354614,0.901796,0.005593,0.999984,0.000935,0.005647,True,0.9054856250295416
confirm,1024_1024_L1_private_steel_r0,1024,1024,4096,16,1,8.190896,8.487104,8.550475,10.77794,0.965099,0.005593,0.999984,0.000934,0.005646,True,0.9955989170121029
confirm,1024_1024_L1_private_steel_r1,1024,1024,4096,16,1,8.188354,8.572354,8.328656,10.418457,0.955205,0.005593,0.999984,0.000934,0.005646,True,0.9888068749569356
confirm,1024_1024_L1_private_steel_r2,1024,1024,4096,16,1,6.558876,7.321,6.728825,7.890862,0.895899,0.005593,0.999984,0.000934,0.005646,True,0.8530693330103531
confirm,1024_1024_L1_public_sdpa_r0,1024,1024,4096,16,1,6.962625,5.264625,7.058779,5.405929,1.32253,0.005593,0.999984,0.000935,0.005647,True,1.1721905830781907
confirm,1024_1024_L1_public_sdpa_r1,1024,1024,4096,16,1,6.953542,5.301771,7.101477,5.634358,1.311551,0.005593,0.999984,0.000935,0.005647,True,0.7905519580235705
confirm,1024_1024_L1_public_sdpa_r2,1024,1024,4096,16,1,6.922354,5.27252,7.0859,5.421073,1.312912,0.005593,0.999984,0.000935,0.005647,True,0.7340839580865577
confirm,1024_1024_L1_public_steel_r0,1024,1024,4096,16,1,8.195334,5.869875,8.39,6.705006,1.396168,0.005593,0.999984,0.000934,0.005646,True,0.7542191670509055
confirm,1024_1024_L1_public_steel_r1,1024,1024,4096,16,1,8.237,6.589354,8.375281,6.868381,1.250047,0.005593,0.999984,0.000934,0.005646,True,0.8328790829982609
confirm,1024_1024_L1_public_steel_r2,1024,1024,4096,16,1,6.547375,4.898833,6.677408,5.03941,1.336517,0.005593,0.999984,0.000934,0.005646,True,0.6855264579644427
confirm,1024_1024_L2_private_sdpa_r0,1024,1024,4096,16,2,13.921584,15.875187,14.158085,19.189992,0.87694,0.007343,0.999973,0.001177,0.007375,True,1.797418416943401
confirm,1024_1024_L2_private_sdpa_r1,1024,1024,4096,16,2,13.893646,15.414021,14.116423,19.201385,0.901364,0.007343,0.999973,0.001177,0.007375,True,1.7603407920105383
confirm,1024_1024_L2_private_sdpa_r2,1024,1024,4096,16,2,13.939208,15.524271,14.166165,19.327063,0.897898,0.007343,0.999973,0.001177,0.007375,True,1.7881369590759277
confirm,1024_1024_L2_private_steel_r0,1024,1024,4096,16,2,13.099667,15.621729,13.33064,18.22761,0.838554,0.007343,0.999973,0.001176,0.007375,True,1.7149258750723675
confirm,1024_1024_L2_private_steel_r1,1024,1024,4096,16,2,13.125104,14.552333,13.336392,17.989131,0.901924,0.007343,0.999973,0.001176,0.007375,True,1.6622120829997584
confirm,1024_1024_L2_private_steel_r2,1024,1024,4096,16,2,13.081875,15.309625,13.354314,16.949229,0.854487,0.007343,0.999973,0.001176,0.007375,True,1.6654047089396045
confirm,1024_1024_L2_public_sdpa_r0,1024,1024,4096,16,2,13.905021,10.543437,14.172635,10.760735,1.318832,0.007343,0.999973,0.001177,0.007375,True,1.8632116250228137
confirm,1024_1024_L2_public_sdpa_r1,1024,1024,4096,16,2,13.8805,10.529083,14.05019,10.747998,1.318301,0.007343,0.999973,0.001177,0.007375,True,1.4013321669772267
confirm,1024_1024_L2_public_sdpa_r2,1024,1024,4096,16,2,13.854938,10.496583,14.106169,10.77336,1.319947,0.007343,0.999973,0.001177,0.007375,True,1.3942800830118358
confirm,1024_1024_L2_public_steel_r0,1024,1024,4096,16,2,13.118354,9.857208,13.320746,10.06853,1.330839,0.007343,0.999973,0.001176,0.007375,True,1.3047423749230802
confirm,1024_1024_L2_public_steel_r1,1024,1024,4096,16,2,13.093375,9.736021,13.302947,9.970952,1.344838,0.007343,0.999973,0.001176,0.007375,True,1.2994974999455735
confirm,1024_1024_L2_public_steel_r2,1024,1024,4096,16,2,13.071084,9.708917,13.275694,9.955451,1.346297,0.007343,0.999973,0.001176,0.007375,True,1.289580624899827
confirm,1024_1024_L3_private_sdpa_r0,1024,1024,4096,16,3,20.763604,23.447437,21.102969,27.84757,0.885538,0.008168,0.999967,0.001304,0.00819,True,2.6456694160588086
confirm,1024_1024_L3_private_sdpa_r1,1024,1024,4096,16,3,20.803291,23.343354,21.003541,27.090036,0.891187,0.008168,0.999967,0.001304,0.00819,True,2.647607708000578
confirm,1024_1024_L3_private_sdpa_r2,1024,1024,4096,16,3,20.92325,24.625522,21.250208,28.264657,0.849657,0.008168,0.999967,0.001304,0.00819,True,2.7235203330637887
confirm,1024_1024_L3_private_steel_r0,1024,1024,4096,16,3,19.69025,22.087479,19.9446,28.715035,0.891467,0.008167,0.999967,0.001303,0.008187,True,2.469642083044164
confirm,1024_1024_L3_private_steel_r1,1024,1024,4096,16,3,19.657438,22.052146,19.864644,26.617071,0.891407,0.008167,0.999967,0.001303,0.008187,True,2.4652872919104993
confirm,1024_1024_L3_private_steel_r2,1024,1024,4096,16,3,19.606396,22.209167,19.886681,26.615767,0.882806,0.008167,0.999967,0.001303,0.008187,True,2.4896095839794725
confirm,1024_1024_L3_public_sdpa_r0,1024,1024,4096,16,3,20.762812,15.790916,21.027296,16.003656,1.314858,0.008168,0.999967,0.001304,0.00819,True,2.5099911669967696
confirm,1024_1024_L3_public_sdpa_r1,1024,1024,4096,16,3,20.795624,15.803104,21.14141,15.984354,1.31592,0.008168,0.999967,0.001304,0.00819,True,2.067580375005491
confirm,1024_1024_L3_public_sdpa_r2,1024,1024,4096,16,3,20.985521,15.882166,21.311259,16.153831,1.321326,0.008168,0.999967,0.001304,0.00819,True,2.0853084159316495
confirm,1024_1024_L3_public_steel_r0,1024,1024,4096,16,3,19.592604,14.615479,19.765687,14.817681,1.340538,0.008167,0.999967,0.001303,0.008187,True,1.9179552500136197
confirm,1024_1024_L3_public_steel_r1,1024,1024,4096,16,3,19.601166,14.644938,19.813236,14.816378,1.338426,0.008167,0.999967,0.001303,0.008187,True,1.91199312498793
confirm,1024_1024_L3_public_steel_r2,1024,1024,4096,16,3,19.566813,14.611708,19.771944,14.752486,1.339119,0.008167,0.999967,0.001303,0.008187,True,1.9137052919249982
confirm,1024_2048_L1_private_sdpa_r0,1024,2048,8192,32,1,22.863166,19.456395,23.044881,24.961371,1.175098,0.00569,0.999984,0.000946,0.005745,True,2.514868165948428
confirm,1024_2048_L1_private_sdpa_r1,1024,2048,8192,32,1,22.942563,22.405958,23.3096,24.323698,1.023949,0.00569,0.999984,0.000946,0.005745,True,2.629483916913159
confirm,1024_2048_L1_private_sdpa_r2,1024,2048,8192,32,1,22.896166,19.660584,23.308229,23.013584,1.164572,0.00569,0.999984,0.000946,0.005745,True,2.543476292048581
confirm,1024_2048_L1_private_steel_r0,1024,2048,8192,32,1,22.074646,18.9045,22.277581,23.744259,1.167693,0.00569,0.999984,0.000946,0.005744,True,2.4650733340531588
confirm,1024_2048_L1_private_steel_r1,1024,2048,8192,32,1,22.086396,18.957479,22.40131,24.16456,1.165049,0.00569,0.999984,0.000946,0.005744,True,2.441214666934684
confirm,1024_2048_L1_private_steel_r2,1024,2048,8192,32,1,22.095958,18.939146,22.277983,24.007237,1.166682,0.00569,0.999984,0.000946,0.005744,True,2.4517339159501716
confirm,1024_2048_L1_public_sdpa_r0,1024,2048,8192,32,1,22.812396,15.770563,23.112215,15.97485,1.446518,0.00569,0.999984,0.000946,0.005745,True,3.80182795797009
confirm,1024_2048_L1_public_sdpa_r1,1024,2048,8192,32,1,22.889834,15.768854,23.1995,16.004183,1.451585,0.00569,0.999984,0.000946,0.005745,True,2.148780124960467
confirm,1024_2048_L1_public_sdpa_r2,1024,2048,8192,32,1,22.826459,15.710354,23.094905,16.003092,1.452956,0.00569,0.999984,0.000946,0.005745,True,2.1428142089862376
confirm,1024_2048_L1_public_steel_r0,1024,2048,8192,32,1,22.001167,14.979938,22.237479,15.26956,1.468709,0.00569,0.999984,0.000946,0.005744,True,2.0430478339549154
confirm,1024_2048_L1_public_steel_r1,1024,2048,8192,32,1,22.101751,14.929187,22.342204,15.243125,1.480439,0.00569,0.999984,0.000946,0.005744,True,2.0426204580580816
confirm,1024_2048_L1_public_steel_r2,1024,2048,8192,32,1,22.056146,14.951708,22.345282,15.113025,1.475159,0.00569,0.999984,0.000946,0.005744,True,2.0457975839963183
confirm,1024_2048_L2_private_sdpa_r0,1024,2048,8192,32,2,45.823042,39.2805,46.125423,46.341279,1.16656,0.007634,0.999971,0.001216,0.007671,True,5.020522625069134
confirm,1024_2048_L2_private_sdpa_r1,1024,2048,8192,32,2,45.915458,42.723271,46.186879,47.960558,1.074718,0.007634,0.999971,0.001216,0.007671,True,5.070267708040774
confirm,1024_2048_L2_private_sdpa_r2,1024,2048,8192,32,2,45.800646,39.016729,46.299911,46.714029,1.173872,0.007634,0.999971,0.001216,0.007671,True,5.045773125020787
confirm,1024_2048_L2_private_steel_r0,1024,2048,8192,32,2,44.131625,37.419459,44.471152,37.946668,1.179376,0.007635,0.999971,0.001216,0.00767,True,4.764908417011611
confirm,1024_2048_L2_private_steel_r1,1024,2048,8192,32,2,44.102563,37.558791,44.386267,41.00234,1.174227,0.007635,0.999971,0.001216,0.00767,True,4.811405458021909
confirm,1024_2048_L2_private_steel_r2,1024,2048,8192,32,2,44.13648,37.507688,44.511839,37.963697,1.176732,0.007635,0.999971,0.001216,0.00767,True,4.75096679199487
confirm,1024_2048_L2_public_sdpa_r0,1024,2048,8192,32,2,45.722729,31.42875,46.11544,31.69217,1.454806,0.007634,0.999971,0.001216,0.007671,True,5.845075458986685
confirm,1024_2048_L2_public_sdpa_r1,1024,2048,8192,32,2,46.019167,31.722958,46.462075,32.162654,1.450658,0.007634,0.999971,0.001216,0.007671,True,4.263174667023122
confirm,1024_2048_L2_public_sdpa_r2,1024,2048,8192,32,2,46.707354,31.980792,47.139563,32.478207,1.460481,0.007634,0.999971,0.001216,0.007671,True,4.294161582947709
confirm,1024_2048_L2_public_steel_r0,1024,2048,8192,32,2,44.064125,29.920375,44.392352,30.198944,1.472713,0.007635,0.999971,0.001216,0.00767,True,4.036928124958649
confirm,1024_2048_L2_public_steel_r1,1024,2048,8192,32,2,44.114167,29.91798,44.297767,30.155281,1.474504,0.007635,0.999971,0.001216,0.00767,True,4.033665332943201
confirm,1024_2048_L2_public_steel_r2,1024,2048,8192,32,2,44.202,29.950062,44.619713,30.329137,1.475857,0.007635,0.999971,0.001216,0.00767,True,4.036004042020068
confirm,1024_2048_L3_private_sdpa_r0,1024,2048,8192,32,3,68.539771,58.965042,68.964965,66.458583,1.16238,0.008686,0.999962,0.00138,0.008711,True,7.459456208976917
confirm,1024_2048_L3_private_sdpa_r1,1024,2048,8192,32,3,72.797459,59.7135,74.815833,60.957188,1.219112,0.008686,0.999962,0.00138,0.008711,True,7.571461083018221
confirm,1024_2048_L3_private_sdpa_r2,1024,2048,8192,32,3,72.671271,59.970896,108.805561,75.980534,1.211776,0.008686,0.999962,0.00138,0.008711,True,8.026490167016163
confirm,1024_2048_L3_private_steel_r0,1024,2048,8192,32,3,66.363,56.266333,68.010016,56.862541,1.179444,0.008687,0.999962,0.00138,0.008711,True,7.101208665990271
confirm,1024_2048_L3_private_steel_r1,1024,2048,8192,32,3,68.29023,56.496833,68.925954,57.879237,1.208744,0.008687,0.999962,0.00138,0.008711,True,7.121542791952379
confirm,1024_2048_L3_private_steel_r2,1024,2048,8192,32,3,104.009146,72.207979,111.770256,80.275346,1.440411,0.008687,0.999962,0.00138,0.008711,True,9.814197500003502
confirm,1024_2048_L3_public_sdpa_r0,1024,2048,8192,32,3,74.524229,50.770604,83.450025,57.14994,1.467862,0.008686,0.999962,0.00138,0.008711,True,8.434853875078261
confirm,1024_2048_L3_public_sdpa_r1,1024,2048,8192,32,3,74.857083,51.062792,75.5771,51.649312,1.465981,0.008686,0.999962,0.00138,0.008711,True,6.763520875014365
confirm,1024_2048_L3_public_sdpa_r2,1024,2048,8192,32,3,74.870875,51.309625,75.490392,51.813069,1.459197,0.008686,0.999962,0.00138,0.008711,True,6.7825203749816865
confirm,1024_2048_L3_public_steel_r0,1024,2048,8192,32,3,66.400229,45.022875,72.794119,49.294531,1.474811,0.008687,0.999962,0.00138,0.008711,True,6.148704124963842
confirm,1024_2048_L3_public_steel_r1,1024,2048,8192,32,3,71.304708,48.146417,71.818298,48.589164,1.480997,0.008687,0.999962,0.00138,0.008711,True,6.396218125009909
confirm,1024_2048_L3_public_steel_r2,1024,2048,8192,32,3,108.480521,73.771396,116.473703,79.536518,1.470496,0.008687,0.999962,0.00138,0.008711,True,9.663549125078134
confirm,256_1024_L1_private_sdpa_r0,256,1024,4096,16,1,1.865374,1.844812,2.054567,1.971751,1.011146,0.005375,0.999986,0.000968,0.005437,True,0.34453266696073115
confirm,256_1024_L1_private_sdpa_r1,256,1024,4096,16,1,1.864354,1.859541,2.019248,2.005012,1.002588,0.005375,0.999986,0.000968,0.005437,True,0.34185404202435166
confirm,256_1024_L1_private_sdpa_r2,256,1024,4096,16,1,1.932854,2.067146,2.520193,2.347548,0.935035,0.005375,0.999986,0.000968,0.005437,True,0.36699083307757974
confirm,256_1024_L1_private_steel_r0,256,1024,4096,16,1,1.806958,1.788104,1.972656,1.938515,1.010544,0.005375,0.999986,0.000968,0.005436,True,0.331024874933064
confirm,256_1024_L1_private_steel_r1,256,1024,4096,16,1,1.921333,1.900292,2.415661,2.165354,1.011073,0.005375,0.999986,0.000968,0.005436,True,0.36785383289679885
confirm,256_1024_L1_private_steel_r2,256,1024,4096,16,1,1.807333,1.913374,1.971062,2.208392,0.944579,0.005375,0.999986,0.000968,0.005436,True,0.3374275410315022
confirm,256_1024_L1_public_sdpa_r0,256,1024,4096,16,1,1.890459,1.66675,2.323017,1.833171,1.134218,0.005375,0.999986,0.000968,0.005437,True,0.7215708330040798
confirm,256_1024_L1_public_sdpa_r1,256,1024,4096,16,1,1.870541,1.643,2.039237,1.828015,1.138491,0.005375,0.999986,0.000968,0.005437,True,0.2834064579801634
confirm,256_1024_L1_public_sdpa_r2,256,1024,4096,16,1,2.032562,1.73777,2.564129,2.091031,1.169638,0.005375,0.999986,0.000968,0.005437,True,0.3270899159833789
confirm,256_1024_L1_public_steel_r0,256,1024,4096,16,1,1.81025,1.576083,1.951658,1.745788,1.148575,0.005375,0.999986,0.000968,0.005436,True,0.2581848750123754
confirm,256_1024_L1_public_steel_r1,256,1024,4096,16,1,1.804937,1.577396,1.947156,1.703704,1.144251,0.005375,0.999986,0.000968,0.005436,True,0.2572985829319805
confirm,256_1024_L1_public_steel_r2,256,1024,4096,16,1,1.799416,1.560666,1.975025,1.678486,1.15298,0.005375,0.999986,0.000968,0.005436,True,0.255216958001256
confirm,256_1024_L2_private_sdpa_r0,256,1024,4096,16,2,3.763333,3.886541,3.937829,4.194023,0.968299,0.006866,0.999976,0.001188,0.006903,True,0.6524859169730917
confirm,256_1024_L2_private_sdpa_r1,256,1024,4096,16,2,3.7845,3.934603,3.958002,4.206159,0.96185,0.006866,0.999976,0.001188,0.006903,True,0.6628861670615152
confirm,256_1024_L2_private_sdpa_r2,256,1024,4096,16,2,3.768,3.702792,3.944198,3.932952,1.017611,0.006866,0.999976,0.001188,0.006903,True,0.6511303340084851
confirm,256_1024_L2_private_steel_r0,256,1024,4096,16,2,3.639854,3.760896,3.817096,4.034075,0.967816,0.006867,0.999976,0.001187,0.006906,True,0.6081900420831516
confirm,256_1024_L2_private_steel_r1,256,1024,4096,16,2,3.654271,3.810583,3.871596,4.110869,0.958979,0.006867,0.999976,0.001187,0.006906,True,0.6094433750258759
confirm,256_1024_L2_private_steel_r2,256,1024,4096,16,2,3.642187,3.569979,3.828071,3.807793,1.020226,0.006867,0.999976,0.001187,0.006906,True,0.6008526670048013
confirm,256_1024_L2_public_sdpa_r0,256,1024,4096,16,2,3.755417,3.308938,3.968844,3.456177,1.134931,0.006866,0.999976,0.001188,0.006903,True,0.932789541897364
confirm,256_1024_L2_public_sdpa_r1,256,1024,4096,16,2,3.772374,3.276875,3.949239,3.442307,1.151211,0.006866,0.999976,0.001188,0.006903,True,0.4985900000901893
confirm,256_1024_L2_public_sdpa_r2,256,1024,4096,16,2,3.777292,3.344083,3.899834,3.529845,1.129545,0.006866,0.999976,0.001188,0.006903,True,0.4977788340765983
confirm,256_1024_L2_public_steel_r0,256,1024,4096,16,2,3.66225,3.189625,3.827417,3.333754,1.148176,0.006867,0.999976,0.001187,0.006906,True,0.45909058302640915
confirm,256_1024_L2_public_steel_r1,256,1024,4096,16,2,3.65698,3.182354,3.824494,3.361552,1.149143,0.006867,0.999976,0.001187,0.006906,True,0.46064395795110613
confirm,256_1024_L2_public_steel_r2,256,1024,4096,16,2,3.6525,3.139542,3.815512,3.271463,1.163386,0.006867,0.999976,0.001187,0.006906,True,0.45853020797949284
confirm,256_1024_L3_private_sdpa_r0,256,1024,4096,16,3,5.751396,5.564875,5.849832,5.751975,1.033518,0.007335,0.999973,0.001265,0.007357,True,0.9485669169807807
confirm,256_1024_L3_private_sdpa_r1,256,1024,4096,16,3,5.723479,5.617229,5.859306,6.07429,1.018915,0.007335,0.999973,0.001265,0.007357,True,0.9046207920182496
confirm,256_1024_L3_private_sdpa_r2,256,1024,4096,16,3,5.727626,5.828187,5.846158,6.03779,0.982746,0.007335,0.999973,0.001265,0.007357,True,0.9737501670606434
confirm,256_1024_L3_private_steel_r0,256,1024,4096,16,3,5.551854,5.364375,5.704569,5.585017,1.034949,0.007336,0.999973,0.001264,0.007357,True,0.9883067089831457
confirm,256_1024_L3_private_steel_r1,256,1024,4096,16,3,5.560833,5.397229,5.686252,5.56806,1.030313,0.007336,0.999973,0.001264,0.007357,True,0.8407968329265714
confirm,256_1024_L3_private_steel_r2,256,1024,4096,16,3,5.524854,5.613583,5.639993,5.903643,0.984194,0.007336,0.999973,0.001264,0.007357,True,0.8892081660451367
confirm,256_1024_L3_public_sdpa_r0,256,1024,4096,16,3,5.7595,4.982417,5.87036,5.140646,1.155965,0.007335,0.999973,0.001265,0.007357,True,1.1467284579994157
confirm,256_1024_L3_public_sdpa_r1,256,1024,4096,16,3,5.758833,5.029771,5.869873,5.166958,1.144949,0.007335,0.999973,0.001265,0.007357,True,0.7187046250328422
confirm,256_1024_L3_public_sdpa_r2,256,1024,4096,16,3,5.784791,5.010355,5.910817,5.19171,1.154567,0.007335,0.999973,0.001265,0.007357,True,0.7155209999764338
confirm,256_1024_L3_public_steel_r0,256,1024,4096,16,3,5.488041,4.664312,5.645675,4.857515,1.176602,0.007336,0.999973,0.001264,0.007357,True,0.6586798749631271
confirm,256_1024_L3_public_steel_r1,256,1024,4096,16,3,5.568105,4.764479,5.700864,4.896102,1.16867,0.007336,0.999973,0.001264,0.007357,True,0.6580572919920087
confirm,256_1024_L3_public_steel_r2,256,1024,4096,16,3,5.535083,4.753167,5.680009,4.993591,1.164504,0.007336,0.999973,0.001264,0.007357,True,0.6611559169832617
confirm,256_2048_L1_private_sdpa_r0,256,2048,8192,32,1,5.902854,4.637521,6.091917,5.438956,1.272847,0.00548,0.999985,0.000982,0.005543,True,0.8292600840795785
confirm,256_2048_L1_private_sdpa_r1,256,2048,8192,32,1,5.960896,4.59025,6.037088,5.237835,1.298599,0.00548,0.999985,0.000982,0.005543,True,0.8197953330818564
confirm,256_2048_L1_private_sdpa_r2,256,2048,8192,32,1,5.994459,5.116084,6.154938,5.758474,1.171689,0.00548,0.999985,0.000982,0.005543,True,0.8565788329578936
confirm,256_2048_L1_private_steel_r0,256,2048,8192,32,1,5.825646,4.545625,5.924876,5.377806,1.281594,0.005479,0.999985,0.000982,0.005542,True,0.8278515409911051
confirm,256_2048_L1_private_steel_r1,256,2048,8192,32,1,5.838021,4.814979,5.948359,5.377985,1.212471,0.005479,0.999985,0.000982,0.005542,True,0.8096785419620574
confirm,256_2048_L1_private_steel_r2,256,2048,8192,32,1,5.819583,4.449771,6.015874,4.608346,1.307839,0.005479,0.999985,0.000982,0.005542,True,0.7875839580083266
confirm,256_2048_L1_public_sdpa_r0,256,2048,8192,32,1,5.899145,4.367959,6.01314,4.514767,1.35055,0.00548,0.999985,0.000982,0.005543,True,2.3319153749616817
confirm,256_2048_L1_public_sdpa_r1,256,2048,8192,32,1,5.925146,4.345021,6.066608,4.542357,1.363663,0.00548,0.999985,0.000982,0.005543,True,0.6534489169716835
confirm,256_2048_L1_public_sdpa_r2,256,2048,8192,32,1,5.943959,4.350687,6.156926,4.514195,1.366211,0.00548,0.999985,0.000982,0.005543,True,0.6551667910534889
confirm,256_2048_L1_public_steel_r0,256,2048,8192,32,1,5.855917,4.259979,5.976771,4.383664,1.374635,0.005479,0.999985,0.000982,0.005542,True,0.6365435420302674
confirm,256_2048_L1_public_steel_r1,256,2048,8192,32,1,5.842458,4.258229,5.923738,4.381252,1.372039,0.005479,0.999985,0.000982,0.005542,True,0.6361536250915378
confirm,256_2048_L1_public_steel_r2,256,2048,8192,32,1,5.843666,4.256625,6.003559,4.416954,1.37284,0.005479,0.999985,0.000982,0.005542,True,0.6408452909672633
confirm,256_2048_L2_private_sdpa_r0,256,2048,8192,32,2,11.86025,9.850562,12.150275,11.33889,1.204018,0.007187,0.999974,0.001237,0.007229,True,1.54829770908691
confirm,256_2048_L2_private_sdpa_r1,256,2048,8192,32,2,11.863771,9.065938,12.192017,11.927192,1.308609,0.007187,0.999974,0.001237,0.007229,True,1.6361766669433564
confirm,256_2048_L2_private_sdpa_r2,256,2048,8192,32,2,11.899396,9.250937,12.200111,11.099444,1.286291,0.007187,0.999974,0.001237,0.007229,True,1.6610865410184488
confirm,256_2048_L2_private_steel_r0,256,2048,8192,32,2,11.803958,8.966375,12.62189,14.579246,1.316469,0.007187,0.999974,0.001238,0.007228,True,1.6487023329827935
confirm,256_2048_L2_private_steel_r1,256,2048,8192,32,2,11.682688,8.879896,11.851906,10.387419,1.315633,0.007187,0.999974,0.001238,0.007228,True,1.5419504580786452
confirm,256_2048_L2_private_steel_r2,256,2048,8192,32,2,11.724041,9.030521,12.376171,13.500612,1.298268,0.007187,0.999974,0.001238,0.007228,True,1.648833749932237
confirm,256_2048_L2_public_sdpa_r0,256,2048,8192,32,2,11.922583,8.649062,12.145477,8.872117,1.378483,0.007187,0.999974,0.001237,0.007229,True,2.916561165940948
confirm,256_2048_L2_public_sdpa_r1,256,2048,8192,32,2,11.880021,8.66075,12.099227,8.841294,1.371708,0.007187,0.999974,0.001237,0.007229,True,1.2547801670152694
confirm,256_2048_L2_public_sdpa_r2,256,2048,8192,32,2,11.870209,8.636125,12.136019,8.752465,1.374483,0.007187,0.999974,0.001237,0.007229,True,1.2501732499804348
confirm,256_2048_L2_public_steel_r0,256,2048,8192,32,2,11.718188,8.475271,12.022964,8.633865,1.382633,0.007187,0.999974,0.001238,0.007228,True,1.212878332938999
confirm,256_2048_L2_public_steel_r1,256,2048,8192,32,2,11.702292,8.484395,11.858554,8.704527,1.379272,0.007187,0.999974,0.001238,0.007228,True,1.2194469169480726
confirm,256_2048_L2_public_steel_r2,256,2048,8192,32,2,11.660562,8.458875,11.846965,8.563732,1.3785,0.007187,0.999974,0.001238,0.007228,True,1.2155126249417663
confirm,256_2048_L3_private_sdpa_r0,256,2048,8192,32,3,17.856104,13.714604,18.219855,18.302908,1.301977,0.007901,0.999969,0.001358,0.007928,True,2.4199943750863895
confirm,256_2048_L3_private_sdpa_r1,256,2048,8192,32,3,17.837105,13.581937,18.132894,15.047504,1.313296,0.007901,0.999969,0.001358,0.007928,True,2.305212749983184
confirm,256_2048_L3_private_sdpa_r2,256,2048,8192,32,3,17.873354,13.640604,19.222185,21.224025,1.310305,0.007901,0.999969,0.001358,0.007928,True,2.4716367908986285
confirm,256_2048_L3_private_steel_r0,256,2048,8192,32,3,17.51898,13.341437,17.839396,16.19509,1.313125,0.0079,0.999969,0.001358,0.007926,True,2.339937624987215
confirm,256_2048_L3_private_steel_r1,256,2048,8192,32,3,17.567458,13.360354,18.018152,19.147506,1.314895,0.0079,0.999969,0.001358,0.007926,True,2.3019080000231043
confirm,256_2048_L3_private_steel_r2,256,2048,8192,32,3,17.535083,13.293041,17.738052,14.055287,1.319117,0.0079,0.999969,0.001358,0.007926,True,2.2572902919491753
confirm,256_2048_L3_public_sdpa_r0,256,2048,8192,32,3,17.818791,12.954562,18.142336,13.186965,1.375484,0.007901,0.999969,0.001358,0.007928,True,3.4978213330032304
confirm,256_2048_L3_public_sdpa_r1,256,2048,8192,32,3,17.821354,12.972146,18.038476,13.187804,1.373817,0.007901,0.999969,0.001358,0.007928,True,1.8461185420164838
confirm,256_2048_L3_public_sdpa_r2,256,2048,8192,32,3,17.921396,12.97027,18.2242,13.294109,1.381729,0.007901,0.999969,0.001358,0.007928,True,1.8550362080568448
confirm,256_2048_L3_public_steel_r0,256,2048,8192,32,3,17.510229,12.7525,17.872302,12.926033,1.373082,0.0079,0.999969,0.001358,0.007926,True,1.7944225840037689
confirm,256_2048_L3_public_steel_r1,256,2048,8192,32,3,17.515,12.650625,17.695498,12.841641,1.384517,0.0079,0.999969,0.001358,0.007926,True,1.7871213339967653
confirm,256_2048_L3_public_steel_r2,256,2048,8192,32,3,17.540771,12.72027,17.765123,12.940244,1.378962,0.0079,0.999969,0.001358,0.007926,True,1.7885940000414848
confirm,64_256_L1_private_sdpa_r0,64,256,1024,4,1,0.317041,0.525875,0.564482,0.746124,0.602884,0.004926,0.999988,0.000956,0.004995,True,0.15884074999485165
confirm,64_256_L1_private_sdpa_r1,64,256,1024,4,1,0.30875,0.49602,0.586445,0.771623,0.622454,0.004926,0.999988,0.000956,0.004995,True,0.14472550002392381
confirm,64_256_L1_private_sdpa_r2,64,256,1024,4,1,0.300542,0.485584,0.560621,0.777069,0.618929,0.004926,0.999988,0.000956,0.004995,True,0.14250695798546076
confirm,64_256_L1_private_steel_r0,64,256,1024,4,1,0.263833,0.457021,0.392344,0.550158,0.577289,0.004927,0.999988,0.000956,0.004997,True,0.13265883293934166
confirm,64_256_L1_private_steel_r1,64,256,1024,4,1,0.263292,0.455041,0.510065,0.696703,0.57861,0.004927,0.999988,0.000956,0.004997,True,0.12923375004902482
confirm,64_256_L1_private_steel_r2,64,256,1024,4,1,0.312417,0.487584,0.389808,0.64835,0.640746,0.004927,0.999988,0.000956,0.004997,True,0.1258933749049902
confirm,64_256_L1_public_sdpa_r0,64,256,1024,4,1,0.561729,0.734291,1.032667,0.80082,0.764995,0.002968,0.999996,0.000956,0.003066,True,1.8032004169654101
confirm,64_256_L1_public_sdpa_r1,64,256,1024,4,1,0.2945,0.48527,0.575535,0.719821,0.606878,0.002968,0.999996,0.000956,0.003066,True,0.12324958306271583
confirm,64_256_L1_public_sdpa_r2,64,256,1024,4,1,0.297187,0.484687,0.576276,0.733274,0.613153,0.002968,0.999996,0.000956,0.003066,True,0.1261103340657428
confirm,64_256_L1_public_steel_r0,64,256,1024,4,1,0.262833,0.448083,0.511848,0.714638,0.586573,0.00296,0.999996,0.000956,0.003061,True,0.1889892079634592
confirm,64_256_L1_public_steel_r1,64,256,1024,4,1,0.259042,0.448792,0.516204,0.685392,0.577197,0.00296,0.999996,0.000956,0.003061,True,0.10784299997612834
confirm,64_256_L1_public_steel_r2,64,256,1024,4,1,0.277855,0.476083,0.349662,0.600415,0.583626,0.00296,0.999996,0.000956,0.003061,True,0.1081483329180628
confirm,64_256_L2_private_sdpa_r0,64,256,1024,4,2,0.5825,1.006104,0.645567,1.154208,0.578966,0.00615,0.999981,0.001153,0.006176,True,0.2200583330122754
confirm,64_256_L2_private_sdpa_r1,64,256,1024,4,2,0.582626,1.014792,0.752144,1.147442,0.574133,0.00615,0.999981,0.001153,0.006176,True,0.23049291700590402
confirm,64_256_L2_private_sdpa_r2,64,256,1024,4,2,0.659146,1.074708,1.781491,1.739418,0.613325,0.00615,0.999981,0.001153,0.006176,True,0.2517431250307709
confirm,64_256_L2_private_steel_r0,64,256,1024,4,2,0.516166,0.933105,0.579633,1.084752,0.553171,0.006147,0.999981,0.001152,0.006174,True,0.19746608403511345
confirm,64_256_L2_private_steel_r1,64,256,1024,4,2,0.516958,0.941354,0.549174,1.145254,0.549165,0.006147,0.999981,0.001152,0.006174,True,0.20510870800353587
confirm,64_256_L2_private_steel_r2,64,256,1024,4,2,0.520084,0.948604,0.57471,1.123204,0.548262,0.006147,0.999981,0.001152,0.006174,True,0.19076412508729845
confirm,64_256_L2_public_sdpa_r0,64,256,1024,4,2,0.585375,0.971646,0.663396,1.154269,0.602457,0.003711,0.999993,0.001153,0.003763,True,0.21477495809085667
confirm,64_256_L2_public_sdpa_r1,64,256,1024,4,2,0.581396,0.981063,0.680362,1.072537,0.592618,0.003711,0.999993,0.001153,0.003763,True,0.1830544580006972
confirm,64_256_L2_public_sdpa_r2,64,256,1024,4,2,0.582708,0.953521,0.710438,1.060458,0.611112,0.003711,0.999993,0.001153,0.003763,True,0.1757798750186339
confirm,64_256_L2_public_steel_r0,64,256,1024,4,2,0.525375,0.893396,0.666069,1.131466,0.588065,0.003714,0.999993,0.001152,0.003768,True,0.14557270903605968
confirm,64_256_L2_public_steel_r1,64,256,1024,4,2,0.517687,0.885854,0.587406,1.025971,0.584393,0.003714,0.999993,0.001152,0.003768,True,0.1544617919716984
confirm,64_256_L2_public_steel_r2,64,256,1024,4,2,0.534229,0.905042,0.571027,1.051355,0.590281,0.003714,0.999993,0.001152,0.003768,True,0.1543055420042947
confirm,64_256_L3_private_sdpa_r0,64,256,1024,4,3,0.888625,1.501937,0.960767,1.631519,0.591652,0.006621,0.999978,0.00124,0.006617,True,0.30631125008221716
confirm,64_256_L3_private_sdpa_r1,64,256,1024,4,3,0.896333,1.519187,1.652333,2.030358,0.590008,0.006621,0.999978,0.00124,0.006617,True,0.31018537504132837
confirm,64_256_L3_private_sdpa_r2,64,256,1024,4,3,0.865417,1.431271,1.011392,1.624299,0.604649,0.006621,0.999978,0.00124,0.006617,True,0.29974604200106114
confirm,64_256_L3_private_steel_r0,64,256,1024,4,3,0.800083,1.405375,0.913112,1.512131,0.569302,0.006622,0.999978,0.001232,0.006621,True,0.2756766250822693
confirm,64_256_L3_private_steel_r1,64,256,1024,4,3,0.776895,1.389146,0.860081,1.549687,0.559261,0.006622,0.999978,0.001232,0.006621,True,0.2709622500697151
confirm,64_256_L3_private_steel_r2,64,256,1024,4,3,0.844729,1.478417,2.154104,2.116069,0.571374,0.006622,0.999978,0.001232,0.006621,True,0.29585595801472664
confirm,64_256_L3_public_sdpa_r0,64,256,1024,4,3,0.889542,1.451354,1.055415,1.67752,0.612905,0.003997,0.999992,0.00124,0.004021,True,0.2732196670258418
confirm,64_256_L3_public_sdpa_r1,64,256,1024,4,3,0.937042,1.507375,1.211113,1.714556,0.621638,0.003997,0.999992,0.00124,0.004021,True,0.2586476670112461
confirm,64_256_L3_public_sdpa_r2,64,256,1024,4,3,0.886,1.450625,1.047777,1.634092,0.610771,0.003997,0.999992,0.00124,0.004021,True,0.23890633299015462
confirm,64_256_L3_public_steel_r0,64,256,1024,4,3,0.806376,1.393479,0.969953,1.523946,0.578678,0.003999,0.999992,0.001232,0.004016,True,0.2158871249994263
confirm,64_256_L3_public_steel_r1,64,256,1024,4,3,0.800021,1.366875,0.886817,1.461975,0.585292,0.003999,0.999992,0.001232,0.004016,True,0.19770616700407118
confirm,64_256_L3_public_steel_r2,64,256,1024,4,3,0.782396,1.329146,0.872146,1.45651,0.588646,0.003999,0.999992,0.001232,0.004016,True,0.20641154097393155
bridge,1024_1024_d64_L1_private_gpu_bridge_r0,1024,1024,4096,16,1,8.275688,6.756813,8.403117,7.646536,1.224792,0.005593,0.999984,0.000934,0.005646,True,0.9075964579824358
bridge,1024_1024_d64_L1_private_gpu_bridge_r1,1024,1024,4096,16,1,8.345854,6.7565,8.494304,7.194079,1.235233,0.005593,0.999984,0.000934,0.005646,True,0.9084777919342741
bridge,1024_1024_d64_L1_private_gpu_bridge_r2,1024,1024,4096,16,1,8.282834,6.69425,8.425875,7.17991,1.237306,0.005593,0.999984,0.000934,0.005646,True,0.9051964159589261
bridge,1024_1024_d64_L1_public_r0,1024,1024,4096,16,1,8.322709,6.690334,8.394811,6.876548,1.24399,0.005593,0.999984,0.000934,0.005646,True,1.2678520829649642
bridge,1024_1024_d64_L1_public_r1,1024,1024,4096,16,1,8.333417,6.666249,8.423634,6.822158,1.250091,0.005593,0.999984,0.000934,0.005646,True,0.8413987499661744
bridge,1024_1024_d64_L1_public_r2,1024,1024,4096,16,1,8.318,6.665875,8.420832,6.795966,1.247848,0.005593,0.999984,0.000934,0.005646,True,0.8347321660257876
bridge,1024_1024_d64_L1_public_serial_r0,1024,1024,4096,16,1,8.287958,7.931125,8.477996,8.74135,1.044991,0.005593,0.999984,0.000934,0.005646,True,0.9200347079895437
bridge,1024_1024_d64_L1_public_serial_r1,1024,1024,4096,16,1,8.269896,7.985271,8.348231,9.028929,1.035644,0.005593,0.999984,0.000934,0.005646,True,0.9325243330094963
bridge,1024_1024_d64_L1_public_serial_r2,1024,1024,4096,16,1,8.305354,7.933167,8.39061,8.736887,1.046915,0.005593,0.999984,0.000934,0.005646,True,0.9374234169954434
bridge,1024_1024_d64_L2_private_gpu_bridge_r0,1024,1024,4096,16,2,16.601729,13.492749,16.789077,15.107158,1.230419,0.007343,0.999973,0.001176,0.007375,True,1.7673780421027914
bridge,1024_1024_d64_L2_private_gpu_bridge_r1,1024,1024,4096,16,2,16.583687,13.577646,16.966575,15.868206,1.221396,0.007343,0.999973,0.001176,0.007375,True,1.795096250018105
bridge,1024_1024_d64_L2_private_gpu_bridge_r2,1024,1024,4096,16,2,16.59852,13.392126,16.78945,14.212362,1.239424,0.007343,0.999973,0.001176,0.007375,True,1.7789753340184689
bridge,1024_1024_d64_L2_public_r0,1024,1024,4096,16,2,16.702042,12.34575,16.830037,13.561598,1.352858,0.007343,0.999973,0.001176,0.007375,True,2.044018624932505
bridge,1024_1024_d64_L2_public_r1,1024,1024,4096,16,2,16.711208,12.415938,16.894127,13.582435,1.345948,0.007343,0.999973,0.001176,0.007375,True,1.6194562920136377
bridge,1024_1024_d64_L2_public_r2,1024,1024,4096,16,2,16.641604,11.641979,16.785942,13.532394,1.429448,0.007343,0.999973,0.001176,0.007375,True,1.6167340840911493
bridge,1024_1024_d64_L2_public_serial_r0,1024,1024,4096,16,2,16.5885,16.721125,16.744863,17.560062,0.992068,0.007343,0.999973,0.001176,0.007375,True,1.8370789169566706
bridge,1024_1024_d64_L2_public_serial_r1,1024,1024,4096,16,2,16.668208,16.601042,16.829398,17.505654,1.004046,0.007343,0.999973,0.001176,0.007375,True,1.8448665830073878
bridge,1024_1024_d64_L2_public_serial_r2,1024,1024,4096,16,2,16.550666,15.722604,16.825562,16.67995,1.052667,0.007343,0.999973,0.001176,0.007375,True,1.7816115830792114
bridge,1024_1024_d64_L3_private_gpu_bridge_r0,1024,1024,4096,16,3,25.00852,19.843626,25.331966,22.750235,1.26028,0.008167,0.999967,0.001303,0.008187,True,2.6290828339988366
bridge,1024_1024_d64_L3_private_gpu_bridge_r1,1024,1024,4096,16,3,24.925208,18.758979,25.215467,20.734973,1.328708,0.008167,0.999967,0.001303,0.008187,True,2.6122168329311535
bridge,1024_1024_d64_L3_private_gpu_bridge_r2,1024,1024,4096,16,3,24.758313,19.050771,25.128248,22.573279,1.299596,0.008167,0.999967,0.001303,0.008187,True,2.63135933293961
bridge,1024_1024_d64_L3_public_r0,1024,1024,4096,16,3,25.056583,18.254625,25.397244,20.242498,1.372616,0.008167,0.999967,0.001303,0.008187,True,2.8206874589668587
bridge,1024_1024_d64_L3_public_r1,1024,1024,4096,16,3,24.848229,18.166875,25.087634,19.926465,1.367777,0.008167,0.999967,0.001303,0.008187,True,2.3933990000514314
bridge,1024_1024_d64_L3_public_r2,1024,1024,4096,16,3,24.944271,18.127834,25.142244,20.176033,1.376021,0.008167,0.999967,0.001303,0.008187,True,2.394605583976954
bridge,1024_1024_d64_L3_public_serial_r0,1024,1024,4096,16,3,25.049437,23.363563,25.323396,24.994261,1.072158,0.008167,0.999967,0.001303,0.008187,True,2.650909500080161
bridge,1024_1024_d64_L3_public_serial_r1,1024,1024,4096,16,3,24.763688,23.45198,25.113891,24.675653,1.055932,0.008167,0.999967,0.001303,0.008187,True,2.6320171669358388
bridge,1024_1024_d64_L3_public_serial_r2,1024,1024,4096,16,3,24.894125,25.103084,25.061523,28.952334,0.991676,0.008167,0.999967,0.001303,0.008187,True,2.738993958919309
bridge,1024_2048_d64_L1_private_gpu_bridge_r0,1024,2048,8192,32,1,26.798854,18.773416,28.690508,20.933544,1.427489,0.00569,0.999984,0.000946,0.005744,True,2.7023018749896437
bridge,1024_2048_d64_L1_private_gpu_bridge_r1,1024,2048,8192,32,1,27.313854,19.421646,29.243096,21.118125,1.406361,0.00569,0.999984,0.000946,0.005744,True,2.7787934170337394
bridge,1024_2048_d64_L1_private_gpu_bridge_r2,1024,2048,8192,32,1,27.042333,19.426104,29.01474,21.432146,1.392062,0.00569,0.999984,0.000946,0.005744,True,2.760363290901296
bridge,1024_2048_d64_L1_public_r0,1024,2048,8192,32,1,26.961312,18.366604,28.932311,20.172346,1.467953,0.00569,0.999984,0.000946,0.005744,True,4.15651929192245
bridge,1024_2048_d64_L1_public_r1,1024,2048,8192,32,1,28.506604,18.591125,32.986801,22.395698,1.533345,0.00569,0.999984,0.000946,0.005744,True,2.624390915967524
bridge,1024_2048_d64_L1_public_r2,1024,2048,8192,32,1,26.87775,18.367916,28.721572,20.119296,1.463299,0.00569,0.999984,0.000946,0.005744,True,2.52011354197748
bridge,1024_2048_d64_L1_public_serial_r0,1024,2048,8192,32,1,27.048375,23.874938,28.813925,25.721677,1.132919,0.00569,0.999984,0.000946,0.005744,True,2.7953561670146883
bridge,1024_2048_d64_L1_public_serial_r1,1024,2048,8192,32,1,26.8955,23.717375,28.511417,25.121042,1.134,0.00569,0.999984,0.000946,0.005744,True,2.776100790943019
bridge,1024_2048_d64_L1_public_serial_r2,1024,2048,8192,32,1,26.994146,23.895374,29.044942,27.435702,1.129681,0.00569,0.999984,0.000946,0.005744,True,2.816161834052764
bridge,1024_2048_d64_L2_private_gpu_bridge_r0,1024,2048,8192,32,2,55.174146,39.080729,56.08436,41.20406,1.411799,0.007635,0.999971,0.001216,0.00767,True,5.4119858329650015
bridge,1024_2048_d64_L2_private_gpu_bridge_r1,1024,2048,8192,32,2,55.018521,39.582499,55.826413,40.657413,1.389971,0.007635,0.999971,0.001216,0.00767,True,5.430508999968879
bridge,1024_2048_d64_L2_private_gpu_bridge_r2,1024,2048,8192,32,2,55.043896,39.4855,55.983638,40.656013,1.394028,0.007635,0.999971,0.001216,0.00767,True,5.4132194169797
bridge,1024_2048_d64_L2_public_r0,1024,2048,8192,32,2,55.211646,36.666125,55.693438,38.292848,1.505794,0.007635,0.999971,0.001216,0.00767,True,6.603278875001706
bridge,1024_2048_d64_L2_public_r1,1024,2048,8192,32,2,55.246437,37.139688,55.71606,38.28455,1.487531,0.007635,0.999971,0.001216,0.00767,True,4.988109415979125
bridge,1024_2048_d64_L2_public_r2,1024,2048,8192,32,2,55.198479,36.685396,55.755313,38.263338,1.504644,0.007635,0.999971,0.001216,0.00767,True,4.970720708952285
bridge,1024_2048_d64_L2_public_serial_r0,1024,2048,8192,32,2,55.258792,49.23948,55.780081,50.342085,1.122246,0.007635,0.999971,0.001216,0.00767,True,5.568139250040986
bridge,1024_2048_d64_L2_public_serial_r1,1024,2048,8192,32,2,55.274458,49.320312,55.768296,50.092258,1.120724,0.007635,0.999971,0.001216,0.00767,True,5.5756425419822335
bridge,1024_2048_d64_L2_public_serial_r2,1024,2048,8192,32,2,54.640125,49.369937,55.861317,50.745881,1.106749,0.007635,0.999971,0.001216,0.00767,True,5.576504374970682
bridge,1024_2048_d64_L3_private_gpu_bridge_r0,1024,2048,8192,32,3,82.513437,57.577376,83.204321,60.44249,1.433088,0.008687,0.999962,0.00138,0.008711,True,8.013979415991344
bridge,1024_2048_d64_L3_private_gpu_bridge_r1,1024,2048,8192,32,3,84.7605,59.066333,87.662001,61.718488,1.435005,0.008687,0.999962,0.00138,0.008711,True,8.248155792010948
bridge,1024_2048_d64_L3_private_gpu_bridge_r2,1024,2048,8192,32,3,86.543791,60.020417,88.750556,62.752179,1.441906,0.008687,0.999962,0.00138,0.008711,True,8.347577417036518
bridge,1024_2048_d64_L3_public_r0,1024,2048,8192,32,3,82.773375,56.498562,101.396391,70.311646,1.465053,0.008687,0.999962,0.00138,0.008711,True,9.453805249999277
bridge,1024_2048_d64_L3_public_r1,1024,2048,8192,32,3,86.875104,58.722771,88.404621,59.954125,1.479411,0.008687,0.999962,0.00138,0.008711,True,7.786063125007786
bridge,1024_2048_d64_L3_public_r2,1024,2048,8192,32,3,87.595021,58.884729,88.683823,59.656552,1.487568,0.008687,0.999962,0.00138,0.008711,True,7.797712999978103
bridge,1024_2048_d64_L3_public_serial_r0,1024,2048,8192,32,3,82.695813,74.423229,86.29085,78.225325,1.111156,0.008687,0.999962,0.00138,0.008711,True,8.415215334040113
bridge,1024_2048_d64_L3_public_serial_r1,1024,2048,8192,32,3,84.033333,73.597459,85.607508,75.201585,1.141797,0.008687,0.999962,0.00138,0.008711,True,8.390934790950269
bridge,1024_2048_d64_L3_public_serial_r2,1024,2048,8192,32,3,86.063771,74.383875,88.648175,76.247494,1.157022,0.008687,0.999962,0.00138,0.008711,True,8.565142292063683
bridge,256_1024_d128_L1_private_gpu_bridge_r0,256,1024,4096,8,1,1.900479,1.775021,3.816377,3.519529,1.07068,0.005396,0.999985,0.000972,0.005464,True,0.41492033400572836
bridge,256_1024_d128_L1_private_gpu_bridge_r1,256,1024,4096,8,1,1.890312,1.790125,3.823035,3.601031,1.055967,0.005396,0.999985,0.000972,0.005464,True,0.4011934580048546
bridge,256_1024_d128_L1_private_gpu_bridge_r2,256,1024,4096,8,1,1.888374,2.081271,3.777302,3.738779,0.907318,0.005396,0.999985,0.000972,0.005464,True,0.4001018750714138
bridge,256_1024_d128_L1_public_r0,256,1024,4096,8,1,2.178916,1.89198,4.350971,4.112398,1.15166,0.005396,0.999985,0.000972,0.005464,True,0.532027417095378
bridge,256_1024_d128_L1_public_r1,256,1024,4096,8,1,1.874417,1.631667,3.795179,3.552355,1.148774,0.005396,0.999985,0.000972,0.005464,True,0.3281291250605136
bridge,256_1024_d128_L1_public_r2,256,1024,4096,8,1,1.882792,1.66475,3.818246,3.521803,1.130976,0.005396,0.999985,0.000972,0.005464,True,0.3186162499478087
bridge,256_1024_d128_L1_public_serial_r0,256,1024,4096,8,1,1.882458,2.069083,3.760323,3.778498,0.909803,0.005396,0.999985,0.000972,0.005464,True,0.34717804205138236
bridge,256_1024_d128_L1_public_serial_r1,256,1024,4096,8,1,1.904,2.063563,3.817506,3.844592,0.922676,0.005396,0.999985,0.000972,0.005464,True,0.3525202920427546
bridge,256_1024_d128_L1_public_serial_r2,256,1024,4096,8,1,1.88573,2.331313,3.753936,4.174792,0.80887,0.005396,0.999985,0.000972,0.005464,True,0.3583812500583008
bridge,256_1024_d128_L2_private_gpu_bridge_r0,256,1024,4096,8,2,5.476479,5.209687,5.773451,5.821894,1.051211,0.006863,0.999976,0.00119,0.006911,True,0.7859419999876991
bridge,256_1024_d128_L2_private_gpu_bridge_r1,256,1024,4096,8,2,4.599749,5.149875,5.697671,5.674538,0.893177,0.006863,0.999976,0.00119,0.006911,True,0.7273604170186445
bridge,256_1024_d128_L2_private_gpu_bridge_r2,256,1024,4096,8,2,5.31275,4.91975,5.75239,5.886217,1.079882,0.006863,0.999976,0.00119,0.006911,True,0.7391387079842389
bridge,256_1024_d128_L2_public_r0,256,1024,4096,8,2,4.661208,4.847771,5.768649,5.221544,0.961516,0.006863,0.999976,0.00119,0.006911,True,0.6061718750279397
bridge,256_1024_d128_L2_public_r1,256,1024,4096,8,2,4.629688,4.782979,5.668146,5.201817,0.967951,0.006863,0.999976,0.00119,0.006911,True,0.5926047080429271
bridge,256_1024_d128_L2_public_r2,256,1024,4096,8,2,4.793916,4.737396,5.7509,5.241945,1.011931,0.006863,0.999976,0.00119,0.006911,True,0.5930849160067737
bridge,256_1024_d128_L2_public_serial_r0,256,1024,4096,8,2,5.371625,5.880416,5.769133,6.420029,0.913477,0.006863,0.999976,0.00119,0.006911,True,0.6760862909723073
bridge,256_1024_d128_L2_public_serial_r1,256,1024,4096,8,2,5.620625,5.7075,5.759687,6.507788,0.984779,0.006863,0.999976,0.00119,0.006911,True,0.6645785419968888
bridge,256_1024_d128_L2_public_serial_r2,256,1024,4096,8,2,4.369229,5.835375,5.773248,6.499616,0.748749,0.006863,0.999976,0.00119,0.006911,True,0.6601708339294419
bridge,256_1024_d128_L3_private_gpu_bridge_r0,256,1024,4096,8,3,7.564312,6.759,7.642732,7.104612,1.119147,0.007335,0.999973,0.001274,0.007374,True,1.086526250001043
bridge,256_1024_d128_L3_private_gpu_bridge_r1,256,1024,4096,8,3,7.496666,6.804229,7.731685,7.189919,1.101766,0.007335,0.999973,0.001274,0.007374,True,1.042594667058438
bridge,256_1024_d128_L3_private_gpu_bridge_r2,256,1024,4096,8,3,7.520209,6.85527,7.622612,7.233605,1.096997,0.007335,0.999973,0.001274,0.007374,True,1.0324300839565694
bridge,256_1024_d128_L3_public_r0,256,1024,4096,8,3,7.552938,6.585501,7.640473,6.799729,1.146904,0.007335,0.999973,0.001274,0.007374,True,0.8705831660190597
bridge,256_1024_d128_L3_public_r1,256,1024,4096,8,3,7.557479,6.619771,7.759315,6.862881,1.141653,0.007335,0.999973,0.001274,0.007374,True,0.8645489580230787
bridge,256_1024_d128_L3_public_r2,256,1024,4096,8,3,7.536458,6.597542,7.710224,6.897786,1.142313,0.007335,0.999973,0.001274,0.007374,True,0.8664333330234513
bridge,256_1024_d128_L3_public_serial_r0,256,1024,4096,8,3,7.51898,7.700167,7.585962,8.000106,0.97647,0.007335,0.999973,0.001274,0.007374,True,0.9293195420177653
bridge,256_1024_d128_L3_public_serial_r1,256,1024,4096,8,3,7.531833,7.774541,7.732558,8.062752,0.968782,0.007335,0.999973,0.001274,0.007374,True,0.9309695840347558
bridge,256_1024_d128_L3_public_serial_r2,256,1024,4096,8,3,7.565125,8.250021,7.771836,10.171456,0.916983,0.007335,0.999973,0.001274,0.007374,True,0.9769770000129938
bridge,256_1024_d32_L1_private_gpu_bridge_r0,256,1024,4096,32,1,1.87952,1.772333,3.778459,3.567815,1.060478,0.005375,0.999986,0.000983,0.005438,True,0.44439516705460846
bridge,256_1024_d32_L1_private_gpu_bridge_r1,256,1024,4096,32,1,1.879938,1.761084,3.746775,3.53609,1.067489,0.005375,0.999986,0.000983,0.005438,True,0.38898570893798023
bridge,256_1024_d32_L1_private_gpu_bridge_r2,256,1024,4096,32,1,1.852646,1.788896,3.750815,3.559111,1.035637,0.005375,0.999986,0.000983,0.005438,True,0.38330624997615814
bridge,256_1024_d32_L1_public_r0,256,1024,4096,32,1,1.865438,1.602625,3.766846,3.452962,1.163989,0.005375,0.999986,0.000983,0.005438,True,1.6132364580407739
bridge,256_1024_d32_L1_public_r1,256,1024,4096,32,1,1.865438,1.689917,3.702544,3.515109,1.103864,0.005375,0.999986,0.000983,0.005438,True,0.3188595420215279
bridge,256_1024_d32_L1_public_r2,256,1024,4096,32,1,1.876688,1.634396,3.701954,3.484737,1.148246,0.005375,0.999986,0.000983,0.005438,True,0.3096150419441983
bridge,256_1024_d32_L1_public_serial_r0,256,1024,4096,32,1,1.854854,2.064812,3.767976,3.856716,0.898316,0.005375,0.999986,0.000983,0.005438,True,0.3447925830259919
bridge,256_1024_d32_L1_public_serial_r1,256,1024,4096,32,1,1.853479,2.116646,3.746058,3.870687,0.875668,0.005375,0.999986,0.000983,0.005438,True,0.3399679589783773
bridge,256_1024_d32_L1_public_serial_r2,256,1024,4096,32,1,1.892896,2.032042,3.781493,3.831306,0.931524,0.005375,0.999986,0.000983,0.005438,True,0.34775374992750585
bridge,256_1024_d32_L2_private_gpu_bridge_r0,256,1024,4096,32,2,5.588896,5.052583,5.70041,5.730806,1.106146,0.006841,0.999977,0.001203,0.006884,True,0.7489894580794498
bridge,256_1024_d32_L2_private_gpu_bridge_r1,256,1024,4096,32,2,5.604084,4.966604,5.776396,5.584409,1.128353,0.006841,0.999977,0.001203,0.006884,True,0.7582714169984683
bridge,256_1024_d32_L2_private_gpu_bridge_r2,256,1024,4096,32,2,5.391125,4.234104,5.706204,5.2224,1.273262,0.006841,0.999977,0.001203,0.006884,True,0.7228599999798462
bridge,256_1024_d32_L2_public_r0,256,1024,4096,32,2,4.712896,4.225729,5.640133,5.172302,1.115286,0.006841,0.999977,0.001203,0.006884,True,1.046927958028391
bridge,256_1024_d32_L2_public_r1,256,1024,4096,32,2,5.426125,3.973875,5.768637,5.185318,1.365449,0.006841,0.999977,0.001203,0.006884,True,0.5954568330198526
bridge,256_1024_d32_L2_public_r2,256,1024,4096,32,2,5.193834,3.549771,5.874988,5.272575,1.463146,0.006841,0.999977,0.001203,0.006884,True,0.5863675409927964
bridge,256_1024_d32_L2_public_serial_r0,256,1024,4096,32,2,4.653771,5.934833,5.648135,6.527273,0.784145,0.006841,0.999977,0.001203,0.006884,True,0.6667474580463022
bridge,256_1024_d32_L2_public_serial_r1,256,1024,4096,32,2,4.562292,6.003583,5.679023,6.542717,0.759928,0.006841,0.999977,0.001203,0.006884,True,0.6650576660176739
bridge,256_1024_d32_L2_public_serial_r2,256,1024,4096,32,2,5.034084,5.328813,5.866007,6.046075,0.944691,0.006841,0.999977,0.001203,0.006884,True,0.634256707970053
bridge,256_1024_d32_L3_private_gpu_bridge_r0,256,1024,4096,32,3,7.448396,7.133,7.674487,7.676729,1.044216,0.007358,0.999973,0.001296,0.007392,True,1.0754079159814864
bridge,256_1024_d32_L3_private_gpu_bridge_r1,256,1024,4096,32,3,7.506292,7.02625,7.731879,7.73965,1.068321,0.007358,0.999973,0.001296,0.007392,True,1.0612673750147223
bridge,256_1024_d32_L3_private_gpu_bridge_r2,256,1024,4096,32,3,7.471855,6.649166,7.609267,7.020775,1.123728,0.007358,0.999973,0.001296,0.007392,True,1.0375812919810414
bridge,256_1024_d32_L3_public_r0,256,1024,4096,32,3,7.510937,6.497187,7.673937,6.912121,1.156029,0.007358,0.999973,0.001296,0.007392,True,1.327344625024125
bridge,256_1024_d32_L3_public_r1,256,1024,4096,32,3,7.516271,6.676542,7.605208,6.879937,1.125773,0.007358,0.999973,0.001296,0.007392,True,0.8627465419704095
bridge,256_1024_d32_L3_public_r2,256,1024,4096,32,3,7.480417,6.631167,7.622706,6.850477,1.128069,0.007358,0.999973,0.001296,0.007392,True,0.8551876250421628
bridge,256_1024_d32_L3_public_serial_r0,256,1024,4096,32,3,7.448396,8.195854,7.612538,8.766702,0.9088,0.007358,0.999973,0.001296,0.007392,True,0.9528455830877647
bridge,256_1024_d32_L3_public_serial_r1,256,1024,4096,32,3,7.462542,8.229042,7.652863,9.699293,0.906854,0.007358,0.999973,0.001296,0.007392,True,0.9612936250632629
bridge,256_1024_d32_L3_public_serial_r2,256,1024,4096,32,3,7.467375,7.672542,7.61145,8.037493,0.97326,0.007358,0.999973,0.001296,0.007392,True,0.9216072920244187
bridge,256_1024_d64_L1_private_gpu_bridge_r0,256,1024,4096,16,1,1.803396,1.959771,3.737004,3.718119,0.920208,0.005375,0.999986,0.000968,0.005436,True,0.3763358750147745
bridge,256_1024_d64_L1_private_gpu_bridge_r1,256,1024,4096,16,1,1.803895,1.955229,3.70245,3.743013,0.922601,0.005375,0.999986,0.000968,0.005436,True,0.3904560840455815
bridge,256_1024_d64_L1_private_gpu_bridge_r2,256,1024,4096,16,1,1.775979,1.980125,3.666935,3.657448,0.896902,0.005375,0.999986,0.000968,0.005436,True,0.37388816697057337
bridge,256_1024_d64_L1_public_r0,256,1024,4096,16,1,1.775187,2.385541,1.84512,3.436145,0.744144,0.005375,0.999986,0.000968,0.005436,True,0.3326662499457598
bridge,256_1024_d64_L1_public_r1,256,1024,4096,16,1,1.864041,1.646813,3.231539,2.026486,1.131909,0.005375,0.999986,0.000968,0.005436,True,0.2984187500551343
bridge,256_1024_d64_L1_public_r2,256,1024,4096,16,1,1.794834,1.695959,3.246625,3.019638,1.0583,0.005375,0.999986,0.000968,0.005436,True,0.3004822919610888
bridge,256_1024_d64_L1_public_serial_r0,256,1024,4096,16,1,1.794917,2.280771,3.742317,4.369051,0.786978,0.005375,0.999986,0.000968,0.005436,True,0.35215208400040865
bridge,256_1024_d64_L1_public_serial_r1,256,1024,4096,16,1,1.813916,2.296521,3.715929,4.02567,0.789854,0.005375,0.999986,0.000968,0.005436,True,0.3423534579342231
bridge,256_1024_d64_L1_public_serial_r2,256,1024,4096,16,1,1.787813,2.291333,3.693242,3.990729,0.78025,0.005375,0.999986,0.000968,0.005436,True,0.3337176669156179
bridge,256_1024_d64_L2_private_gpu_bridge_r0,256,1024,4096,16,2,5.019979,4.086396,5.513125,5.214143,1.228461,0.006867,0.999976,0.001187,0.006906,True,0.679489792091772
bridge,256_1024_d64_L2_private_gpu_bridge_r1,256,1024,4096,16,2,5.259167,4.735875,5.601938,5.336821,1.110495,0.006867,0.999976,0.001187,0.006906,True,0.6793647080194205
bridge,256_1024_d64_L2_private_gpu_bridge_r2,256,1024,4096,16,2,5.221105,4.322104,5.611079,5.255846,1.208001,0.006867,0.999976,0.001187,0.006906,True,0.6881537500303239
bridge,256_1024_d64_L2_public_r0,256,1024,4096,16,2,4.962979,3.890688,5.444929,4.991927,1.275604,0.006867,0.999976,0.001187,0.006906,True,0.5400749580003321
bridge,256_1024_d64_L2_public_r1,256,1024,4096,16,2,5.230125,3.811937,5.647562,5.167596,1.372038,0.006867,0.999976,0.001187,0.006906,True,0.5565236250404269
bridge,256_1024_d64_L2_public_r2,256,1024,4096,16,2,5.006,3.315208,5.561529,5.033449,1.510011,0.006867,0.999976,0.001187,0.006906,True,0.5517264578957111
bridge,256_1024_d64_L2_public_serial_r0,256,1024,4096,16,2,4.540375,5.260521,5.508225,5.725448,0.863104,0.006867,0.999976,0.001187,0.006906,True,0.5928852088982239
bridge,256_1024_d64_L2_public_serial_r1,256,1024,4096,16,2,5.193167,5.207771,5.531071,5.885849,0.997196,0.006867,0.999976,0.001187,0.006906,True,0.5996226250426844
bridge,256_1024_d64_L2_public_serial_r2,256,1024,4096,16,2,5.170021,5.273874,5.585817,5.937798,0.980308,0.006867,0.999976,0.001187,0.006906,True,0.6016327500110492
bridge,256_1024_d64_L3_private_gpu_bridge_r0,256,1024,4096,16,3,7.280688,6.632042,7.568456,7.226312,1.097805,0.007336,0.999973,0.001264,0.007357,True,0.996222999994643
bridge,256_1024_d64_L3_private_gpu_bridge_r1,256,1024,4096,16,3,7.295229,6.549938,7.394123,7.2266,1.113786,0.007336,0.999973,0.001264,0.007357,True,1.0121504999697208
bridge,256_1024_d64_L3_private_gpu_bridge_r2,256,1024,4096,16,3,7.295167,6.546083,7.478267,7.127148,1.114432,0.007336,0.999973,0.001264,0.007357,True,0.9969100839225575
bridge,256_1024_d64_L3_public_r0,256,1024,4096,16,3,7.325146,6.473562,7.421165,6.695288,1.131548,0.007336,0.999973,0.001264,0.007357,True,0.8045392089989036
bridge,256_1024_d64_L3_public_r1,256,1024,4096,16,3,7.328125,6.492166,7.444584,6.68121,1.128764,0.007336,0.999973,0.001264,0.007357,True,0.8049016249133274
bridge,256_1024_d64_L3_public_r2,256,1024,4096,16,3,7.27025,6.366937,7.375309,6.667767,1.141875,0.007336,0.999973,0.001264,0.007357,True,0.7972432080423459
bridge,256_1024_d64_L3_public_serial_r0,256,1024,4096,16,3,7.319041,8.140479,7.430124,8.367667,0.899092,0.007336,0.999973,0.001264,0.007357,True,0.9114856250816956
bridge,256_1024_d64_L3_public_serial_r1,256,1024,4096,16,3,7.331271,8.12623,7.44621,8.462398,0.902174,0.007336,0.999973,0.001264,0.007357,True,0.9091789170634001
bridge,256_1024_d64_L3_public_serial_r2,256,1024,4096,16,3,7.242208,7.483917,7.3834,7.881714,0.967703,0.007336,0.999973,0.001264,0.007357,True,0.8695470829261467
bridge,256_2048_d64_L1_private_gpu_bridge_r0,256,2048,8192,32,1,7.651687,6.097605,7.783667,7.49511,1.254868,0.005479,0.999985,0.000982,0.005542,True,0.9564538330305368
bridge,256_2048_d64_L1_private_gpu_bridge_r1,256,2048,8192,32,1,7.51373,5.971563,7.682792,6.523693,1.258252,0.005479,0.999985,0.000982,0.005542,True,0.9616877499502152
bridge,256_2048_d64_L1_private_gpu_bridge_r2,256,2048,8192,32,1,7.558417,5.958875,7.668508,6.511656,1.26843,0.005479,0.999985,0.000982,0.005542,True,0.926219500019215
bridge,256_2048_d64_L1_public_r0,256,2048,8192,32,1,7.548771,5.150187,7.645696,5.784777,1.465728,0.005479,0.999985,0.000982,0.005542,True,2.3966347080422565
bridge,256_2048_d64_L1_public_r1,256,2048,8192,32,1,6.48025,5.928083,7.533344,6.084031,1.093144,0.005479,0.999985,0.000982,0.005542,True,0.7562078749760985
bridge,256_2048_d64_L1_public_r2,256,2048,8192,32,1,6.903812,5.935291,7.526885,6.04036,1.16318,0.005479,0.999985,0.000982,0.005542,True,0.7580276669468731
bridge,256_2048_d64_L1_public_serial_r0,256,2048,8192,32,1,7.473479,7.862792,7.727184,8.66556,0.950487,0.005479,0.999985,0.000982,0.005542,True,0.8977571669965982
bridge,256_2048_d64_L1_public_serial_r1,256,2048,8192,32,1,7.449312,7.346125,7.675333,7.920854,1.014047,0.005479,0.999985,0.000982,0.005542,True,0.8533149169525132
bridge,256_2048_d64_L1_public_serial_r2,256,2048,8192,32,1,7.296687,7.30425,7.666858,7.913481,0.998965,0.005479,0.999985,0.000982,0.005542,True,0.8570845000213012
bridge,256_2048_d64_L2_private_gpu_bridge_r0,256,2048,8192,32,2,14.967417,11.972729,15.456498,13.195565,1.250126,0.007187,0.999974,0.001238,0.007228,True,1.858122625038959
bridge,256_2048_d64_L2_private_gpu_bridge_r1,256,2048,8192,32,2,15.166146,10.894583,15.576585,12.676065,1.392081,0.007187,0.999974,0.001238,0.007228,True,1.878358665970154
bridge,256_2048_d64_L2_private_gpu_bridge_r2,256,2048,8192,32,2,15.169709,11.36127,15.537594,12.64041,1.335212,0.007187,0.999974,0.001238,0.007228,True,1.7992287080269307
bridge,256_2048_d64_L2_public_r0,256,2048,8192,32,2,14.92675,10.43175,15.221635,11.968754,1.430896,0.007187,0.999974,0.001238,0.007228,True,3.1685049580410123
bridge,256_2048_d64_L2_public_r1,256,2048,8192,32,2,14.990104,10.302896,15.317082,12.037833,1.454941,0.007187,0.999974,0.001238,0.007228,True,1.4749859999865294
bridge,256_2048_d64_L2_public_r2,256,2048,8192,32,2,14.817375,10.375709,15.172691,12.033241,1.428083,0.007187,0.999974,0.001238,0.007228,True,1.470313333091326
bridge,256_2048_d64_L2_public_serial_r0,256,2048,8192,32,2,15.116417,14.596937,15.473304,17.112242,1.035588,0.007187,0.999974,0.001238,0.007228,True,1.721870332956314
bridge,256_2048_d64_L2_public_serial_r1,256,2048,8192,32,2,15.098187,13.856208,15.293171,15.41031,1.089633,0.007187,0.999974,0.001238,0.007228,True,1.6568588339723647
bridge,256_2048_d64_L2_public_serial_r2,256,2048,8192,32,2,15.013687,15.747999,15.292737,17.222529,0.953371,0.007187,0.999974,0.001238,0.007228,True,1.7341957909520715
bridge,256_2048_d64_L3_private_gpu_bridge_r0,256,2048,8192,32,3,22.41025,16.215208,22.800198,16.898299,1.382051,0.0079,0.999969,0.001358,0.007926,True,2.70783379196655
bridge,256_2048_d64_L3_private_gpu_bridge_r1,256,2048,8192,32,3,22.598333,16.494125,22.992093,17.269419,1.370084,0.0079,0.999969,0.001358,0.007926,True,2.6854485409567133
bridge,256_2048_d64_L3_private_gpu_bridge_r2,256,2048,8192,32,3,22.371146,16.481625,22.929377,18.265454,1.357339,0.0079,0.999969,0.001358,0.007926,True,2.6839462919160724
bridge,256_2048_d64_L3_public_r0,256,2048,8192,32,3,21.624,16.081625,22.897245,16.431622,1.34464,0.0079,0.999969,0.001358,0.007926,True,3.8550236669834703
bridge,256_2048_d64_L3_public_r1,256,2048,8192,32,3,22.276708,15.975896,22.783216,16.342688,1.394395,0.0079,0.999969,0.001358,0.007926,True,2.1786607089452446
bridge,256_2048_d64_L3_public_r2,256,2048,8192,32,3,22.240021,15.969041,22.844185,16.408467,1.392696,0.0079,0.999969,0.001358,0.007926,True,2.179913791944273
bridge,256_2048_d64_L3_public_serial_r0,256,2048,8192,32,3,22.542834,20.891625,23.007902,23.167904,1.079037,0.0079,0.999969,0.001358,0.007926,True,2.4657435830449685
bridge,256_2048_d64_L3_public_serial_r1,256,2048,8192,32,3,22.310333,21.063021,22.875428,23.094005,1.059218,0.0079,0.999969,0.001358,0.007926,True,2.46109062503092
bridge,256_2048_d64_L3_public_serial_r2,256,2048,8192,32,3,22.607792,23.374313,23.032908,24.993883,0.967207,0.0079,0.999969,0.001358,0.007926,True,2.5927602499723434
sp_audit,1024_2048_r0,1024,2048,8192,32,3,83.146187,57.39027,83.645479,57.972542,1.448785,0.00863,0.999963,0.00138,0.008696,True,17.314449582947418
sp_audit,1024_2048_r1,1024,2048,8192,32,3,83.052751,57.418,83.825934,58.083651,1.446458,0.00863,0.999963,0.00138,0.008696,True,7.56701570795849
sp_audit,1024_2048_r2,1024,2048,8192,32,3,83.025605,57.410812,83.918426,58.022952,1.446167,0.00863,0.999963,0.00138,0.008696,True,7.5650147090200335
sp_audit,256_2048_r0,256,2048,8192,32,3,22.645333,117.314792,23.435673,120.582667,0.193031,0.000475,1.0,0.001358,0.001358,True,17.6310757920146
sp_audit,256_2048_r1,256,2048,8192,32,3,22.402375,117.092229,23.377619,118.740546,0.191322,0.000475,1.0,0.001358,0.001358,True,17.36610795801971
sp_audit,256_2048_r2,256,2048,8192,32,3,22.527667,117.330229,23.37855,119.782835,0.192002,0.000475,1.0,0.001358,0.001358,True,17.41423929098528
triple_audit,1024_2048_cpu0_r0,1024,2048,8192,32,3,83.068792,67.114833,83.678544,67.779682,1.237711,0.001082,0.999999,0.00138,0.001415,True,11.478780500008725
triple_audit,1024_2048_cpu0_r1,1024,2048,8192,32,3,83.163666,67.108,84.081429,67.749004,1.239251,0.001082,0.999999,0.00138,0.001415,True,8.07994691701606
triple_audit,1024_2048_cpu0_r2,1024,2048,8192,32,3,83.123833,66.784854,83.599665,67.975072,1.244651,0.001082,0.999999,0.00138,0.001415,True,8.053746625082567
triple_audit,1024_2048_cpu128_r0,1024,2048,8192,32,3,83.308917,66.742396,83.996379,67.324971,1.248216,0.001085,0.999999,0.00138,0.001415,True,11.384742665919475
triple_audit,1024_2048_cpu128_r1,1024,2048,8192,32,3,83.254312,66.822229,84.014073,67.498847,1.245907,0.001085,0.999999,0.00138,0.001415,True,8.061772791086696
triple_audit,1024_2048_cpu128_r2,1024,2048,8192,32,3,83.407313,66.858458,84.59959,67.823621,1.247521,0.001085,0.999999,0.00138,0.001415,True,8.066400917014107
triple_audit,1024_2048_cpu256_r0,1024,2048,8192,32,3,83.118625,66.046813,84.141804,67.133556,1.25848,0.00109,0.999999,0.00138,0.001415,True,11.077590959030204
triple_audit,1024_2048_cpu256_r1,1024,2048,8192,32,3,64.703125,52.537062,65.742904,58.760308,1.231571,0.00109,0.999999,0.00138,0.001415,True,6.3718037500511855
triple_audit,1024_2048_cpu256_r2,1024,2048,8192,32,3,64.612708,52.461542,64.878313,52.756642,1.23162,0.00109,0.999999,0.00138,0.001415,True,6.338404832989909
triple_audit,1024_2048_cpu512_r0,1024,2048,8192,32,3,64.612313,51.668416,64.817986,52.033341,1.250519,0.001095,0.999999,0.00138,0.001416,True,9.54831295798067
triple_audit,1024_2048_cpu512_r1,1024,2048,8192,32,3,64.624938,51.670395,64.92694,51.947688,1.250715,0.001095,0.999999,0.00138,0.001416,True,6.294543166994117
triple_audit,1024_2048_cpu512_r2,1024,2048,8192,32,3,64.642125,51.688896,64.926357,51.907752,1.2506,0.001095,0.999999,0.00138,0.001416,True,6.294816833920777
triple_audit,256_2048_cpu0_r0,256,2048,8192,32,3,22.493083,18.621458,23.088704,20.434573,1.207912,0.001055,0.999999,0.001358,0.001388,True,5.748921374906786
triple_audit,256_2048_cpu0_r1,256,2048,8192,32,3,21.107604,18.622896,22.894037,20.34895,1.133422,0.001055,0.999999,0.001358,0.001388,True,2.3399375000735745
triple_audit,256_2048_cpu0_r2,256,2048,8192,32,3,22.664917,18.743458,23.135142,20.318104,1.209217,0.001055,0.999999,0.001358,0.001388,True,2.3754410829860717
triple_audit,256_2048_cpu128_r0,256,2048,8192,32,3,22.676938,18.515166,23.203199,20.397223,1.224776,0.001059,0.999999,0.001358,0.001387,True,5.735395499970764
triple_audit,256_2048_cpu128_r1,256,2048,8192,32,3,22.422687,18.662625,23.085901,20.142831,1.201476,0.001059,0.999999,0.001358,0.001387,True,2.366194915957749
triple_audit,256_2048_cpu128_r2,256,2048,8192,32,3,22.704541,18.424687,23.046111,20.165233,1.232289,0.001059,0.999999,0.001358,0.001387,True,2.364940333063714
triple_audit,256_2048_cpu256_r0,256,2048,8192,32,3,22.63202,18.421813,23.120465,20.083142,1.228545,0.001064,0.999999,0.001358,0.001389,True,5.796565415919758
triple_audit,256_2048_cpu256_r1,256,2048,8192,32,3,22.702666,18.258063,23.233517,20.065785,1.243432,0.001064,0.999999,0.001358,0.001389,True,2.3637437500292435
triple_audit,256_2048_cpu256_r2,256,2048,8192,32,3,22.747042,18.283771,22.988155,20.091735,1.244111,0.001064,0.999999,0.001358,0.001389,True,2.346671791980043
triple_audit,256_2048_cpu512_r0,256,2048,8192,32,3,22.637833,18.188938,23.099329,19.773405,1.244593,0.001066,0.999999,0.001358,0.001387,True,5.6943853329867125
triple_audit,256_2048_cpu512_r1,256,2048,8192,32,3,22.682437,18.198709,23.260693,20.105567,1.246376,0.001066,0.999999,0.001358,0.001387,True,2.3510382920503616
triple_audit,256_2048_cpu512_r2,256,2048,8192,32,3,22.740417,18.267083,23.26036,19.755008,1.244885,0.001066,0.999999,0.001358,0.001387,True,2.3573994589969516
startup,1024_2048_private_r0,1024,2048,8192,32,1,21.4595,14.669895,21.602296,17.373399,1.462826,0.00569,0.999984,0.0,0.0,True,2.2025889590149745
startup,1024_2048_private_r1,1024,2048,8192,32,1,21.441375,16.785312,21.644514,17.418475,1.277389,0.00569,0.999984,0.0,0.0,True,2.218385290936567
startup,1024_2048_private_r2,1024,2048,8192,32,1,21.441562,14.854229,21.585271,17.461054,1.443465,0.00569,0.999984,0.0,0.0,True,2.2306689170654863
startup,1024_2048_public_r0,1024,2048,8192,32,1,21.485375,14.562791,21.676376,14.708544,1.475361,0.00569,0.999984,0.0,0.0,True,3.530669500003569
startup,1024_2048_public_r1,1024,2048,8192,32,1,21.453938,14.580375,21.648559,14.793721,1.471426,0.00569,0.999984,0.0,0.0,True,1.9736629590624943
startup,1024_2048_public_r2,1024,2048,8192,32,1,21.431438,14.568354,21.625475,14.711465,1.471095,0.00569,0.999984,0.0,0.0,True,1.9743728339672089
startup,256_1024_private_r0,256,1024,4096,16,1,1.801667,1.779042,1.848191,1.981125,1.012718,0.005375,0.999986,0.0,0.0,True,0.32134775002487004
startup,256_1024_private_r1,256,1024,4096,16,1,1.806583,1.801521,1.85,2.034623,1.00281,0.005375,0.999986,0.0,0.0,True,0.3272181659704074
startup,256_1024_private_r2,256,1024,4096,16,1,1.811479,1.768353,1.866233,1.986935,1.024387,0.005375,0.999986,0.0,0.0,True,0.3199107500258833
startup,256_1024_public_r0,256,1024,4096,16,1,1.806688,1.604792,1.892996,1.729917,1.125808,0.005375,0.999986,0.0,0.0,True,1.2714985420461744
startup,256_1024_public_r1,256,1024,4096,16,1,1.806917,1.593313,1.841354,1.682788,1.134063,0.005375,0.999986,0.0,0.0,True,0.24670266604516655
startup,256_1024_public_r2,256,1024,4096,16,1,1.803084,1.568625,1.844663,1.707502,1.149468,0.005375,0.999986,0.0,0.0,True,0.25618733395822346
