pass,step,group,pool,slot,fill_count,request_generation,content_generation,source_generation,expected_bytes,actual_bytes,fill_completed,group_submitted,reader_count,queue,sequence,reader_completed
0,0,0,0,0,1,42,1,1,243855872,243855872,1,1,1,1,1,1
0,0,1,0,1,1,42,1,1,243855872,243855872,1,1,1,1,2,1
0,0,2,0,0,1,42,2,1,243855872,243855872,1,1,1,1,3,1
0,0,3,0,1,1,42,2,1,243855872,243855872,1,1,1,1,4,1
0,0,4,0,0,1,42,3,1,243855872,243855872,1,1,1,1,5,1
0,0,5,0,1,1,42,3,1,243855872,243855872,1,1,1,1,6,1
0,0,6,0,0,1,42,4,1,243855872,243855872,1,1,1,1,7,1
0,0,7,0,1,1,42,4,1,243855872,243855872,1,1,1,1,8,1
0,0,8,0,0,1,42,5,1,243855872,243855872,1,1,1,1,9,1
0,0,9,0,1,1,42,5,1,243855872,243855872,1,1,1,1,10,1
0,0,10,0,0,1,42,6,1,243855872,243855872,1,1,1,1,11,1
0,0,11,0,1,1,42,6,1,243855872,243855872,1,1,1,1,12,1
0,0,12,0,0,1,42,7,1,243855872,243855872,1,1,1,1,13,1
0,0,13,0,1,1,42,7,1,243855872,243855872,1,1,1,1,14,1
0,0,14,0,0,1,42,8,1,243855872,243855872,1,1,1,1,15,1
0,0,15,0,1,1,42,8,1,243855872,243855872,1,1,1,1,16,1
0,0,16,0,0,1,42,9,1,243855872,243855872,1,1,1,1,17,1
0,0,17,0,1,1,42,9,1,243855872,243855872,1,1,1,1,18,1
0,0,18,0,0,1,42,10,1,243855872,243855872,1,1,1,1,19,1
0,0,19,0,1,1,42,10,1,243855872,243855872,1,1,1,1,20,1
0,0,20,0,0,1,42,11,1,243855872,243855872,1,1,1,1,21,1
0,0,21,0,1,1,42,11,1,243855872,243855872,1,1,1,1,22,1
0,0,22,0,0,1,42,12,1,243855872,243855872,1,1,1,1,23,1
0,0,23,0,1,1,42,12,1,243855872,243855872,1,1,1,1,24,1
0,0,24,0,0,1,42,13,1,243855872,243855872,1,1,1,1,25,1
0,0,25,0,1,1,42,13,1,243855872,243855872,1,1,1,1,26,1
0,0,26,0,0,1,42,14,1,243855872,243855872,1,1,1,1,27,1
0,0,27,0,1,1,42,14,1,243855872,243855872,1,1,1,1,28,1
0,0,28,0,0,1,42,15,1,243855872,243855872,1,1,1,1,29,1
1,1,0,0,0,1,42,16,1,243855872,243855872,1,1,1,1,30,1
1,1,1,0,1,1,42,15,1,243855872,243855872,1,1,1,1,31,1
1,1,2,0,0,1,42,17,1,243855872,243855872,1,1,1,1,32,1
1,1,3,0,1,1,42,16,1,243855872,243855872,1,1,1,1,33,1
1,1,4,0,0,1,42,18,1,243855872,243855872,1,1,1,1,34,1
1,1,5,0,1,1,42,17,1,243855872,243855872,1,1,1,1,35,1
1,1,6,0,0,1,42,19,1,243855872,243855872,1,1,1,1,36,1
1,1,7,0,1,1,42,18,1,243855872,243855872,1,1,1,1,37,1
1,1,8,0,0,1,42,20,1,243855872,243855872,1,1,1,1,38,1
1,1,9,0,1,1,42,19,1,243855872,243855872,1,1,1,1,39,1
1,1,10,0,0,1,42,21,1,243855872,243855872,1,1,1,1,40,1
1,1,11,0,1,1,42,20,1,243855872,243855872,1,1,1,1,41,1
1,1,12,0,0,1,42,22,1,243855872,243855872,1,1,1,1,42,1
1,1,13,0,1,1,42,21,1,243855872,243855872,1,1,1,1,43,1
1,1,14,0,0,1,42,23,1,243855872,243855872,1,1,1,1,44,1
1,1,15,0,1,1,42,22,1,243855872,243855872,1,1,1,1,45,1
1,1,16,0,0,1,42,24,1,243855872,243855872,1,1,1,1,46,1
1,1,17,0,1,1,42,23,1,243855872,243855872,1,1,1,1,47,1
1,1,18,0,0,1,42,25,1,243855872,243855872,1,1,1,1,48,1
1,1,19,0,1,1,42,24,1,243855872,243855872,1,1,1,1,49,1
1,1,20,0,0,1,42,26,1,243855872,243855872,1,1,1,1,50,1
1,1,21,0,1,1,42,25,1,243855872,243855872,1,1,1,1,51,1
1,1,22,0,0,1,42,27,1,243855872,243855872,1,1,1,1,52,1
1,1,23,0,1,1,42,26,1,243855872,243855872,1,1,1,1,53,1
1,1,24,0,0,1,42,28,1,243855872,243855872,1,1,1,1,54,1
1,1,25,0,1,1,42,27,1,243855872,243855872,1,1,1,1,55,1
1,1,26,0,0,1,42,29,1,243855872,243855872,1,1,1,1,56,1
1,1,27,0,1,1,42,28,1,243855872,243855872,1,1,1,1,57,1
1,1,28,0,0,1,42,30,1,243855872,243855872,1,1,1,1,58,1
2,2,0,0,0,1,42,31,1,243855872,243855872,1,1,1,1,59,1
2,2,1,0,1,1,42,29,1,243855872,243855872,1,1,1,1,60,1
2,2,2,0,0,1,42,32,1,243855872,243855872,1,1,1,1,61,1
2,2,3,0,1,1,42,30,1,243855872,243855872,1,1,1,1,62,1
2,2,4,0,0,1,42,33,1,243855872,243855872,1,1,1,1,63,1
2,2,5,0,1,1,42,31,1,243855872,243855872,1,1,1,1,64,1
2,2,6,0,0,1,42,34,1,243855872,243855872,1,1,1,1,65,1
2,2,7,0,1,1,42,32,1,243855872,243855872,1,1,1,1,66,1
2,2,8,0,0,1,42,35,1,243855872,243855872,1,1,1,1,67,1
2,2,9,0,1,1,42,33,1,243855872,243855872,1,1,1,1,68,1
2,2,10,0,0,1,42,36,1,243855872,243855872,1,1,1,1,69,1
2,2,11,0,1,1,42,34,1,243855872,243855872,1,1,1,1,70,1
2,2,12,0,0,1,42,37,1,243855872,243855872,1,1,1,1,71,1
2,2,13,0,1,1,42,35,1,243855872,243855872,1,1,1,1,72,1
2,2,14,0,0,1,42,38,1,243855872,243855872,1,1,1,1,73,1
2,2,15,0,1,1,42,36,1,243855872,243855872,1,1,1,1,74,1
2,2,16,0,0,1,42,39,1,243855872,243855872,1,1,1,1,75,1
2,2,17,0,1,1,42,37,1,243855872,243855872,1,1,1,1,76,1
2,2,18,0,0,1,42,40,1,243855872,243855872,1,1,1,1,77,1
2,2,19,0,1,1,42,38,1,243855872,243855872,1,1,1,1,78,1
2,2,20,0,0,1,42,41,1,243855872,243855872,1,1,1,1,79,1
2,2,21,0,1,1,42,39,1,243855872,243855872,1,1,1,1,80,1
2,2,22,0,0,1,42,42,1,243855872,243855872,1,1,1,1,81,1
2,2,23,0,1,1,42,40,1,243855872,243855872,1,1,1,1,82,1
2,2,24,0,0,1,42,43,1,243855872,243855872,1,1,1,1,83,1
2,2,25,0,1,1,42,41,1,243855872,243855872,1,1,1,1,84,1
2,2,26,0,0,1,42,44,1,243855872,243855872,1,1,1,1,85,1
2,2,27,0,1,1,42,42,1,243855872,243855872,1,1,1,1,86,1
2,2,28,0,0,1,42,45,1,243855872,243855872,1,1,1,1,87,1
3,3,0,0,0,1,42,46,1,243855872,243855872,1,1,1,1,88,1
3,3,1,0,1,1,42,43,1,243855872,243855872,1,1,1,1,89,1
3,3,2,0,0,1,42,47,1,243855872,243855872,1,1,1,1,90,1
3,3,3,0,1,1,42,44,1,243855872,243855872,1,1,1,1,91,1
3,3,4,0,0,1,42,48,1,243855872,243855872,1,1,1,1,92,1
3,3,5,0,1,1,42,45,1,243855872,243855872,1,1,1,1,93,1
3,3,6,0,0,1,42,49,1,243855872,243855872,1,1,1,1,94,1
3,3,7,0,1,1,42,46,1,243855872,243855872,1,1,1,1,95,1
3,3,8,0,0,1,42,50,1,243855872,243855872,1,1,1,1,96,1
3,3,9,0,1,1,42,47,1,243855872,243855872,1,1,1,1,97,1
3,3,10,0,0,1,42,51,1,243855872,243855872,1,1,1,1,98,1
3,3,11,0,1,1,42,48,1,243855872,243855872,1,1,1,1,99,1
3,3,12,0,0,1,42,52,1,243855872,243855872,1,1,1,1,100,1
3,3,13,0,1,1,42,49,1,243855872,243855872,1,1,1,1,101,1
3,3,14,0,0,1,42,53,1,243855872,243855872,1,1,1,1,102,1
3,3,15,0,1,1,42,50,1,243855872,243855872,1,1,1,1,103,1
3,3,16,0,0,1,42,54,1,243855872,243855872,1,1,1,1,104,1
3,3,17,0,1,1,42,51,1,243855872,243855872,1,1,1,1,105,1
3,3,18,0,0,1,42,55,1,243855872,243855872,1,1,1,1,106,1
3,3,19,0,1,1,42,52,1,243855872,243855872,1,1,1,1,107,1
3,3,20,0,0,1,42,56,1,243855872,243855872,1,1,1,1,108,1
3,3,21,0,1,1,42,53,1,243855872,243855872,1,1,1,1,109,1
3,3,22,0,0,1,42,57,1,243855872,243855872,1,1,1,1,110,1
3,3,23,0,1,1,42,54,1,243855872,243855872,1,1,1,1,111,1
3,3,24,0,0,1,42,58,1,243855872,243855872,1,1,1,1,112,1
3,3,25,0,1,1,42,55,1,243855872,243855872,1,1,1,1,113,1
3,3,26,0,0,1,42,59,1,243855872,243855872,1,1,1,1,114,1
3,3,27,0,1,1,42,56,1,243855872,243855872,1,1,1,1,115,1
3,3,28,0,0,1,42,60,1,243855872,243855872,1,1,1,1,116,1
4,4,0,0,0,1,42,61,1,243855872,243855872,1,1,1,1,117,1
4,4,1,0,1,1,42,57,1,243855872,243855872,1,1,1,1,118,1
4,4,2,0,0,1,42,62,1,243855872,243855872,1,1,1,1,119,1
4,4,3,0,1,1,42,58,1,243855872,243855872,1,1,1,1,120,1
4,4,4,0,0,1,42,63,1,243855872,243855872,1,1,1,1,121,1
4,4,5,0,1,1,42,59,1,243855872,243855872,1,1,1,1,122,1
4,4,6,0,0,1,42,64,1,243855872,243855872,1,1,1,1,123,1
4,4,7,0,1,1,42,60,1,243855872,243855872,1,1,1,1,124,1
4,4,8,0,0,1,42,65,1,243855872,243855872,1,1,1,1,125,1
4,4,9,0,1,1,42,61,1,243855872,243855872,1,1,1,1,126,1
4,4,10,0,0,1,42,66,1,243855872,243855872,1,1,1,1,127,1
4,4,11,0,1,1,42,62,1,243855872,243855872,1,1,1,1,128,1
4,4,12,0,0,1,42,67,1,243855872,243855872,1,1,1,1,129,1
4,4,13,0,1,1,42,63,1,243855872,243855872,1,1,1,1,130,1
4,4,14,0,0,1,42,68,1,243855872,243855872,1,1,1,1,131,1
4,4,15,0,1,1,42,64,1,243855872,243855872,1,1,1,1,132,1
4,4,16,0,0,1,42,69,1,243855872,243855872,1,1,1,1,133,1
4,4,17,0,1,1,42,65,1,243855872,243855872,1,1,1,1,134,1
4,4,18,0,0,1,42,70,1,243855872,243855872,1,1,1,1,135,1
4,4,19,0,1,1,42,66,1,243855872,243855872,1,1,1,1,136,1
4,4,20,0,0,1,42,71,1,243855872,243855872,1,1,1,1,137,1
4,4,21,0,1,1,42,67,1,243855872,243855872,1,1,1,1,138,1
4,4,22,0,0,1,42,72,1,243855872,243855872,1,1,1,1,139,1
4,4,23,0,1,1,42,68,1,243855872,243855872,1,1,1,1,140,1
4,4,24,0,0,1,42,73,1,243855872,243855872,1,1,1,1,141,1
4,4,25,0,1,1,42,69,1,243855872,243855872,1,1,1,1,142,1
4,4,26,0,0,1,42,74,1,243855872,243855872,1,1,1,1,143,1
4,4,27,0,1,1,42,70,1,243855872,243855872,1,1,1,1,144,1
4,4,28,0,0,1,42,75,1,243855872,243855872,1,1,1,1,145,1
5,5,0,0,0,1,42,76,1,243855872,243855872,1,1,1,1,146,1
5,5,1,0,1,1,42,71,1,243855872,243855872,1,1,1,1,147,1
5,5,2,0,0,1,42,77,1,243855872,243855872,1,1,1,1,148,1
5,5,3,0,1,1,42,72,1,243855872,243855872,1,1,1,1,149,1
5,5,4,0,0,1,42,78,1,243855872,243855872,1,1,1,1,150,1
5,5,5,0,1,1,42,73,1,243855872,243855872,1,1,1,1,151,1
5,5,6,0,0,1,42,79,1,243855872,243855872,1,1,1,1,152,1
5,5,7,0,1,1,42,74,1,243855872,243855872,1,1,1,1,153,1
5,5,8,0,0,1,42,80,1,243855872,243855872,1,1,1,1,154,1
5,5,9,0,1,1,42,75,1,243855872,243855872,1,1,1,1,155,1
5,5,10,0,0,1,42,81,1,243855872,243855872,1,1,1,1,156,1
5,5,11,0,1,1,42,76,1,243855872,243855872,1,1,1,1,157,1
5,5,12,0,0,1,42,82,1,243855872,243855872,1,1,1,1,158,1
5,5,13,0,1,1,42,77,1,243855872,243855872,1,1,1,1,159,1
5,5,14,0,0,1,42,83,1,243855872,243855872,1,1,1,1,160,1
5,5,15,0,1,1,42,78,1,243855872,243855872,1,1,1,1,161,1
5,5,16,0,0,1,42,84,1,243855872,243855872,1,1,1,1,162,1
5,5,17,0,1,1,42,79,1,243855872,243855872,1,1,1,1,163,1
5,5,18,0,0,1,42,85,1,243855872,243855872,1,1,1,1,164,1
5,5,19,0,1,1,42,80,1,243855872,243855872,1,1,1,1,165,1
5,5,20,0,0,1,42,86,1,243855872,243855872,1,1,1,1,166,1
5,5,21,0,1,1,42,81,1,243855872,243855872,1,1,1,1,167,1
5,5,22,0,0,1,42,87,1,243855872,243855872,1,1,1,1,168,1
5,5,23,0,1,1,42,82,1,243855872,243855872,1,1,1,1,169,1
5,5,24,0,0,1,42,88,1,243855872,243855872,1,1,1,1,170,1
5,5,25,0,1,1,42,83,1,243855872,243855872,1,1,1,1,171,1
5,5,26,0,0,1,42,89,1,243855872,243855872,1,1,1,1,172,1
5,5,27,0,1,1,42,84,1,243855872,243855872,1,1,1,1,173,1
5,5,28,0,0,1,42,90,1,243855872,243855872,1,1,1,1,174,1
6,6,0,0,0,1,42,91,1,243855872,243855872,1,1,1,1,175,1
6,6,1,0,1,1,42,85,1,243855872,243855872,1,1,1,1,176,1
6,6,2,0,0,1,42,92,1,243855872,243855872,1,1,1,1,177,1
6,6,3,0,1,1,42,86,1,243855872,243855872,1,1,1,1,178,1
6,6,4,0,0,1,42,93,1,243855872,243855872,1,1,1,1,179,1
6,6,5,0,1,1,42,87,1,243855872,243855872,1,1,1,1,180,1
6,6,6,0,0,1,42,94,1,243855872,243855872,1,1,1,1,181,1
6,6,7,0,1,1,42,88,1,243855872,243855872,1,1,1,1,182,1
6,6,8,0,0,1,42,95,1,243855872,243855872,1,1,1,1,183,1
6,6,9,0,1,1,42,89,1,243855872,243855872,1,1,1,1,184,1
6,6,10,0,0,1,42,96,1,243855872,243855872,1,1,1,1,185,1
6,6,11,0,1,1,42,90,1,243855872,243855872,1,1,1,1,186,1
6,6,12,0,0,1,42,97,1,243855872,243855872,1,1,1,1,187,1
6,6,13,0,1,1,42,91,1,243855872,243855872,1,1,1,1,188,1
6,6,14,0,0,1,42,98,1,243855872,243855872,1,1,1,1,189,1
6,6,15,0,1,1,42,92,1,243855872,243855872,1,1,1,1,190,1
6,6,16,0,0,1,42,99,1,243855872,243855872,1,1,1,1,191,1
6,6,17,0,1,1,42,93,1,243855872,243855872,1,1,1,1,192,1
6,6,18,0,0,1,42,100,1,243855872,243855872,1,1,1,1,193,1
6,6,19,0,1,1,42,94,1,243855872,243855872,1,1,1,1,194,1
6,6,20,0,0,1,42,101,1,243855872,243855872,1,1,1,1,195,1
6,6,21,0,1,1,42,95,1,243855872,243855872,1,1,1,1,196,1
6,6,22,0,0,1,42,102,1,243855872,243855872,1,1,1,1,197,1
6,6,23,0,1,1,42,96,1,243855872,243855872,1,1,1,1,198,1
6,6,24,0,0,1,42,103,1,243855872,243855872,1,1,1,1,199,1
6,6,25,0,1,1,42,97,1,243855872,243855872,1,1,1,1,200,1
6,6,26,0,0,1,42,104,1,243855872,243855872,1,1,1,1,201,1
6,6,27,0,1,1,42,98,1,243855872,243855872,1,1,1,1,202,1
6,6,28,0,0,1,42,105,1,243855872,243855872,1,1,1,1,203,1
7,7,0,0,0,1,42,106,1,243855872,243855872,1,1,1,1,204,1
7,7,1,0,1,1,42,99,1,243855872,243855872,1,1,1,1,205,1
7,7,2,0,0,1,42,107,1,243855872,243855872,1,1,1,1,206,1
7,7,3,0,1,1,42,100,1,243855872,243855872,1,1,1,1,207,1
7,7,4,0,0,1,42,108,1,243855872,243855872,1,1,1,1,208,1
7,7,5,0,1,1,42,101,1,243855872,243855872,1,1,1,1,209,1
7,7,6,0,0,1,42,109,1,243855872,243855872,1,1,1,1,210,1
7,7,7,0,1,1,42,102,1,243855872,243855872,1,1,1,1,211,1
7,7,8,0,0,1,42,110,1,243855872,243855872,1,1,1,1,212,1
7,7,9,0,1,1,42,103,1,243855872,243855872,1,1,1,1,213,1
7,7,10,0,0,1,42,111,1,243855872,243855872,1,1,1,1,214,1
7,7,11,0,1,1,42,104,1,243855872,243855872,1,1,1,1,215,1
7,7,12,0,0,1,42,112,1,243855872,243855872,1,1,1,1,216,1
7,7,13,0,1,1,42,105,1,243855872,243855872,1,1,1,1,217,1
7,7,14,0,0,1,42,113,1,243855872,243855872,1,1,1,1,218,1
7,7,15,0,1,1,42,106,1,243855872,243855872,1,1,1,1,219,1
7,7,16,0,0,1,42,114,1,243855872,243855872,1,1,1,1,220,1
7,7,17,0,1,1,42,107,1,243855872,243855872,1,1,1,1,221,1
7,7,18,0,0,1,42,115,1,243855872,243855872,1,1,1,1,222,1
7,7,19,0,1,1,42,108,1,243855872,243855872,1,1,1,1,223,1
7,7,20,0,0,1,42,116,1,243855872,243855872,1,1,1,1,224,1
7,7,21,0,1,1,42,109,1,243855872,243855872,1,1,1,1,225,1
7,7,22,0,0,1,42,117,1,243855872,243855872,1,1,1,1,226,1
7,7,23,0,1,1,42,110,1,243855872,243855872,1,1,1,1,227,1
7,7,24,0,0,1,42,118,1,243855872,243855872,1,1,1,1,228,1
7,7,25,0,1,1,42,111,1,243855872,243855872,1,1,1,1,229,1
7,7,26,0,0,1,42,119,1,243855872,243855872,1,1,1,1,230,1
7,7,27,0,1,1,42,112,1,243855872,243855872,1,1,1,1,231,1
7,7,28,0,0,1,42,120,1,243855872,243855872,1,1,1,1,232,1
8,8,0,0,0,1,42,121,1,243855872,243855872,1,1,1,1,233,1
8,8,1,0,1,1,42,113,1,243855872,243855872,1,1,1,1,234,1
8,8,2,0,0,1,42,122,1,243855872,243855872,1,1,1,1,235,1
8,8,3,0,1,1,42,114,1,243855872,243855872,1,1,1,1,236,1
8,8,4,0,0,1,42,123,1,243855872,243855872,1,1,1,1,237,1
8,8,5,0,1,1,42,115,1,243855872,243855872,1,1,1,1,238,1
8,8,6,0,0,1,42,124,1,243855872,243855872,1,1,1,1,239,1
8,8,7,0,1,1,42,116,1,243855872,243855872,1,1,1,1,240,1
8,8,8,0,0,1,42,125,1,243855872,243855872,1,1,1,1,241,1
8,8,9,0,1,1,42,117,1,243855872,243855872,1,1,1,1,242,1
8,8,10,0,0,1,42,126,1,243855872,243855872,1,1,1,1,243,1
8,8,11,0,1,1,42,118,1,243855872,243855872,1,1,1,1,244,1
8,8,12,0,0,1,42,127,1,243855872,243855872,1,1,1,1,245,1
8,8,13,0,1,1,42,119,1,243855872,243855872,1,1,1,1,246,1
8,8,14,0,0,1,42,128,1,243855872,243855872,1,1,1,1,247,1
8,8,15,0,1,1,42,120,1,243855872,243855872,1,1,1,1,248,1
8,8,16,0,0,1,42,129,1,243855872,243855872,1,1,1,1,249,1
8,8,17,0,1,1,42,121,1,243855872,243855872,1,1,1,1,250,1
8,8,18,0,0,1,42,130,1,243855872,243855872,1,1,1,1,251,1
8,8,19,0,1,1,42,122,1,243855872,243855872,1,1,1,1,252,1
8,8,20,0,0,1,42,131,1,243855872,243855872,1,1,1,1,253,1
8,8,21,0,1,1,42,123,1,243855872,243855872,1,1,1,1,254,1
8,8,22,0,0,1,42,132,1,243855872,243855872,1,1,1,1,255,1
8,8,23,0,1,1,42,124,1,243855872,243855872,1,1,1,1,256,1
8,8,24,0,0,1,42,133,1,243855872,243855872,1,1,1,1,257,1
8,8,25,0,1,1,42,125,1,243855872,243855872,1,1,1,1,258,1
8,8,26,0,0,1,42,134,1,243855872,243855872,1,1,1,1,259,1
8,8,27,0,1,1,42,126,1,243855872,243855872,1,1,1,1,260,1
8,8,28,0,0,1,42,135,1,243855872,243855872,1,1,1,1,261,1
